,ID,1,2,3,4,5,6,7,8,9,10,11,12,13,14,15,16,17,18,19,20,21,22,23,24,25,26,27,28,29,30,31
0,0084F5A9,0,0,0,0,0,0,0,0,0,0,0,0,0,0,0,0,0,0,0,0,0,2,0,0,0,15,141,141,134,0,NA
1,0040EFEC,144,144,144,144,144,144,144,144,144,144,144,144,144,144,144,144,144,144,144,144,156,144,144,144,142,144,144,144,137,0,NA
2,00459534,0,0,0,0,0,0,0,0,0,0,0,0,0,0,0,0,0,0,0,0,0,0,0,0,0,0,0,0,0,0,NA
3,0045BBF2,144,144,144,144,144,144,144,144,144,144,144,144,144,144,144,145,144,144,144,144,146,144,144,144,144,144,144,147,137,0,NA
4,004DAC35,0,0,0,0,0,0,0,0,0,0,0,0,0,0,0,0,0,0,0,0,0,0,0,0,0,0,0,0,0,0,NA
5,0085916E,0,0,0,0,0,0,0,0,0,0,0,0,0,0,0,0,0,0,0,0,0,0,0,0,0,0,0,0,0,0,NA
6,0086300C,22,23,23,23,23,22,23,23,23,23,22,23,23,23,23,22,23,23,23,22,23,23,23,23,22,23,23,23,21,0,NA
7,008595C5,24,24,24,24,24,24,24,24,24,24,24,24,24,24,24,24,24,24,24,24,24,24,24,24,24,24,24,24,23,0,NA
8,00449A56,96,96,95,95,95,96,95,96,95,95,95,95,96,95,96,95,96,95,96,95,96,96,94,96,95,96,95,96,91,0,NA
9,00499D05,96,94,95,94,96,93,96,95,96,95,96,96,95,96,95,95,95,96,95,96,95,96,94,96,95,96,95,96,90,0,NA
10,0049A173,96,94,95,94,96,95,96,95,96,95,95,95,96,98,96,96,95,96,96,94,95,95,95,96,97,95,96,95,91,0,NA
11,0049A1AB,96,95,96,93,96,95,94,95,96,95,96,94,96,95,96,95,95,95,95,95,96,95,95,96,94,96,95,96,91,0,NA
12,0049A3B1,95,96,95,96,95,96,95,96,96,95,96,95,94,95,96,94,96,95,96,95,96,95,96,96,94,96,95,96,91,0,NA
13,0049A5C8,95,95,95,96,95,95,96,95,96,96,95,95,94,96,95,95,94,96,95,96,95,96,95,96,94,96,94,95,89,0,NA
14,0049A7B1,104,104,95,109,97,105,100,92,104,102,108,101,107,110,106,105,103,91,96,87,98,89,87,78,84,89,81,91,81,0,NA
15,0049A7B2,95,32,0,0,0,0,0,0,0,0,0,0,0,0,0,0,0,0,0,0,13,95,96,95,96,95,96,95,91,0,NA
16,0049ADEA,97,92,89,100,95,99,106,95,102,107,107,104,89,103,107,104,106,104,102,100,108,84,89,86,91,89,90,93,91,0,NA
17,0049AE39,95,96,95,96,95,96,95,96,95,95,96,95,95,95,95,95,96,95,96,95,96,95,96,95,96,95,96,95,91,0,NA
18,0049AE44,142,142,143,143,140,143,142,143,143,143,142,142,141,143,143,143,142,142,143,142,142,143,143,142,142,142,141,142,137,0,NA
19,0049AE46,92,86,94,95,92,87,81,90,92,92,88,86,92,95,88,94,94,90,62,78,93,95,88,85,76,87,92,95,90,0,NA
20,0049AFF8,96,96,95,96,96,95,95,95,96,95,96,95,96,96,96,95,96,96,99,193,95,94,379,209,96,95,94,95,91,0,NA
21,0049B03F,95,96,95,95,95,96,95,96,96,95,96,95,96,95,96,96,95,96,95,96,95,96,95,96,95,96,94,96,91,0,NA
22,0049B271,95,96,95,95,95,96,94,96,95,96,95,94,96,95,96,95,96,95,95,93,96,95,95,95,95,95,95,95,90,0,NA
23,0049B966,0,0,0,0,0,0,0,0,0,0,0,0,0,0,0,0,0,0,0,0,0,0,0,0,0,0,0,0,0,0,NA
24,0049D083,96,93,96,95,95,94,96,95,96,94,95,95,96,95,95,94,96,95,98,167,96,94,305,181,94,96,94,96,90,0,NA
25,0049B73E,144,143,144,144,144,146,143,144,144,144,143,144,144,144,144,144,143,143,143,144,144,144,142,144,143,144,143,9,131,0,NA
26,00457079,143,142,143,143,142,143,142,143,143,142,143,142,143,111,0,0,0,0,0,0,0,0,0,0,0,0,0,99,136,0,NA
27,00420DA5,0,0,0,0,0,0,0,0,0,0,0,0,0,0,0,0,0,0,0,16,0,0,0,0,0,0,0,0,0,0,NA
28,0042FAD9,141,141,133,61,114,105,137,141,138,142,141,137,134,138,142,142,144,142,143,125,143,142,142,143,146,130,68,0,78,0,NA
29,00452201,143,143,144,142,143,142,143,144,144,141,144,144,142,144,143,143,144,143,144,144,142,143,144,143,146,148,143,142,139,0,NA
30,0045228D,140,141,143,143,143,139,143,140,135,123,133,141,142,144,144,144,143,144,144,144,144,144,144,144,143,146,143,143,140,0,NA
31,00486108,0,0,0,0,0,0,0,0,0,0,0,0,0,0,0,0,0,0,0,0,0,0,0,0,0,0,0,102,138,0,NA
32,00486AD2,0,0,0,0,0,0,0,0,0,0,0,0,0,0,0,0,0,0,0,40,0,0,0,0,0,0,0,0,0,0,NA
33,00488313,0,0,0,0,0,0,0,0,0,0,0,0,0,0,0,0,0,0,0,0,0,0,0,0,0,0,0,105,138,0,NA
34,00488E60,133,138,135,128,133,142,137,126,127,137,128,140,142,144,143,144,142,142,144,144,144,144,141,144,144,147,144,144,138,0,NA
35,0048EFCA,142,143,139,141,142,141,145,140,135,140,138,143,141,143,144,144,144,145,144,144,143,143,144,144,146,145,144,144,139,0,NA
36,00490FFA,0,0,0,0,0,0,0,0,0,0,0,0,0,0,0,0,0,0,0,0,0,0,0,0,0,0,0,0,0,0,NA
37,00492FA9,0,0,0,0,0,0,0,0,0,0,0,0,0,0,0,0,0,0,0,0,0,0,0,0,0,0,0,0,0,0,NA
38,00493139,0,0,0,0,0,0,0,0,0,0,0,0,0,0,0,0,0,0,0,0,0,0,0,0,0,0,0,0,0,0,NA
39,004403F9,95,96,95,96,94,88,93,94,94,88,89,85,94,96,95,96,95,96,96,95,96,96,93,96,97,98,96,95,91,0,NA
40,00440466,95,95,95,96,95,96,98,94,96,95,96,96,95,96,95,96,96,95,96,95,96,96,95,96,97,100,95,94,93,0,NA
41,00442D30,82,79,76,72,83,61,94,85,77,76,88,96,89,92,94,93,95,95,96,95,94,93,93,96,97,97,97,95,92,0,NA
42,00442D81,96,95,96,96,94,96,97,95,95,94,95,94,96,94,95,96,94,97,94,96,96,95,96,95,98,98,94,96,93,0,NA
43,00442F3F,81,67,92,85,93,82,96,94,92,94,92,95,90,95,94,95,96,94,96,96,97,94,95,96,95,100,95,95,91,0,NA
44,00442FFA,66,78,85,93,89,93,83,87,90,79,84,92,92,96,105,96,94,97,95,95,96,94,92,95,93,96,92,96,93,0,NA
45,00443057,96,95,95,94,92,95,95,95,91,92,96,95,96,94,96,96,95,95,95,96,96,95,96,94,97,99,96,96,93,0,NA
46,004430AF,91,93,95,89,93,93,49,86,90,78,78,91,94,24,82,32,86,98,94,85,0,53,96,94,103,54,0,0,67,0,NA
47,0045217C,94,95,93,95,93,93,97,96,94,94,96,91,94,95,96,96,95,96,95,94,96,94,96,94,97,100,94,96,93,0,NA
48,004521F2,0,0,0,0,0,0,0,0,0,0,0,0,0,0,0,0,0,0,0,0,0,0,0,0,0,1,0,2,0,0,NA
49,004521FD,93,78,89,93,93,92,93,93,85,92,88,89,94,95,94,96,95,96,96,94,96,93,93,96,95,99,95,95,93,0,NA
50,00452202,88,94,96,94,92,91,35,85,112,98,94,95,95,92,94,65,84,94,93,37,34,99,98,20,0,3,0,0,47,0,NA
51,00452207,135,117,134,143,142,130,111,135,141,138,141,135,135,143,142,142,142,144,143,142,143,142,143,142,144,144,136,129,138,0,NA
52,00452208,121,118,117,123,123,135,140,125,125,128,122,122,130,140,22,125,111,122,140,104,97,109,83,104,93,103,85,0,50,0,NA
53,00452218,124,91,130,140,139,139,144,139,134,141,140,138,143,143,142,143,143,145,142,143,139,140,141,143,150,145,143,143,135,0,NA
54,00452292,47,95,93,94,94,92,22,95,73,91,92,95,92,22,79,9,81,96,89,0,21,93,82,28,0,0,0,0,0,0,NA
55,0045230C,94,96,97,96,96,93,98,94,96,96,95,96,95,96,96,95,96,95,96,96,95,96,95,96,98,99,96,94,94,0,NA
56,0045232A,69,135,137,135,133,120,59,126,99,126,132,116,117,74,114,47,114,134,135,27,33,133,139,68,18,0,0,0,0,0,NA
57,004894CA,96,96,96,96,96,96,99,96,96,96,96,96,95,95,95,96,95,98,96,96,96,96,96,96,99,98,95,96,93,0,NA
58,0048A267,88,88,88,83,86,91,97,83,86,91,86,96,93,96,93,96,95,95,93,94,94,92,94,95,96,100,96,93,93,0,NA
59,0048F305,95,94,95,96,92,92,93,96,93,93,89,94,94,92,95,96,93,94,89,93,94,95,95,93,97,100,95,92,92,0,NA
60,004903EE,95,94,93,90,65,89,87,90,91,90,92,83,86,95,94,96,96,94,95,94,94,96,95,95,98,98,88,79,93,0,NA
61,00491421,95,93,96,95,95,93,98,95,94,96,95,96,95,95,96,95,96,98,95,96,95,96,96,95,98,97,96,96,93,0,NA
62,0049143C,132,139,141,132,135,136,134,138,137,133,137,136,141,143,142,143,143,143,141,141,143,142,143,143,145,147,142,142,139,0,NA
63,00491641,0,0,0,0,0,0,0,0,0,0,0,0,0,0,0,0,0,0,0,0,0,0,0,0,0,0,0,0,0,0,NA
64,00491643,94,94,95,96,96,92,96,95,96,95,94,92,97,96,96,96,96,96,96,96,96,96,96,95,98,99,49,96,94,0,NA
65,004920F7,94,94,96,94,94,93,96,95,95,94,94,95,94,94,96,95,96,96,95,96,95,98,95,95,98,99,96,95,93,0,NA
66,00492D66,95,92,96,95,95,95,96,96,94,95,95,95,96,95,95,96,95,96,95,96,96,95,96,95,98,100,95,96,93,0,NA
67,00492D6F,94,95,95,94,95,96,94,96,95,95,96,94,96,96,95,96,95,98,96,95,96,95,96,96,95,97,94,96,93,0,NA
68,00493186,93,92,94,94,88,96,96,96,95,95,94,93,96,96,94,96,93,95,95,94,96,95,96,96,97,97,94,96,92,0,NA
69,00493188,73,90,93,82,77,96,21,80,100,93,91,92,96,83,96,44,87,95,95,24,36,100,95,8,0,4,0,0,38,0,NA
70,00493193,82,87,93,86,89,89,91,74,80,79,84,89,94,33,76,93,96,95,91,78,0,48,92,92,94,97,20,0,43,0,NA
71,004931DB,76,92,96,90,89,90,68,90,90,92,92,89,95,95,96,94,95,95,93,90,92,95,95,95,102,97,95,97,94,0,NA
72,004931E0,0,0,0,0,0,0,0,0,0,0,0,0,0,0,0,0,0,0,0,0,0,0,0,0,0,0,0,0,0,0,NA
73,0049335C,432,654,585,638,576,591,675,641,476,444,390,591,687,224,515,622,688,694,688,559,0,337,674,684,665,685,110,0,340,0,NA
74,00845D79,84,79,85,87,93,91,95,92,92,86,86,90,96,94,94,96,95,97,94,96,96,95,95,92,90,18,46,95,92,0,NA
75,008466C8,112,121,104,125,118,123,103,126,122,114,130,126,130,127,127,130,130,129,130,128,130,129,130,130,131,130,130,129,126,0,NA
76,0084672F,91,94,95,92,94,94,93,88,89,95,96,95,95,96,94,96,96,94,94,90,94,94,95,94,95,97,95,97,91,0,NA
77,00846730,138,140,142,141,146,144,144,140,141,137,141,142,142,145,143,144,143,144,143,143,143,142,141,142,144,150,141,145,139,0,NA
78,00846794,0,0,0,0,0,0,0,0,0,0,0,0,0,0,0,0,0,0,0,0,0,0,0,0,0,0,0,0,0,0,NA
79,00846B07,0,0,0,0,0,0,0,0,0,0,0,0,0,0,0,0,0,0,0,0,0,0,0,0,0,0,0,0,0,0,NA
80,00850094,48,94,97,92,97,94,20,93,95,93,95,94,95,11,81,7,83,97,85,0,22,96,82,27,0,0,0,0,0,0,NA
81,008500F9,113,130,130,130,130,130,132,130,130,130,130,131,130,8,112,10,115,131,130,99,6,66,130,130,83,33,62,0,61,0,NA
82,0085B33B,95,96,96,95,96,95,98,96,95,96,95,95,95,95,96,95,96,97,96,96,95,96,95,96,100,97,96,97,93,0,NA
83,0085B9BD,96,96,95,96,95,96,98,95,96,95,96,96,95,96,95,96,96,95,96,95,74,0,48,96,97,98,95,18,36,0,NA
84,00861E78,83,96,95,96,95,96,97,96,95,96,96,95,96,6,83,7,85,97,95,73,5,49,95,96,62,27,45,0,46,0,NA
85,00861E7E,95,96,96,95,96,95,98,96,95,95,95,96,96,95,96,95,96,98,95,96,95,96,96,95,100,97,96,97,93,0,NA
86,0042C402,144,143,141,144,143,143,146,142,143,144,141,142,144,143,143,144,143,143,144,143,142,144,143,142,146,147,143,144,138,0,NA
87,00440325,143,142,143,144,143,143,146,143,143,142,143,143,144,142,142,144,143,143,143,143,143,144,143,143,146,145,143,144,137,0,NA
88,004403AB,144,143,143,144,143,143,146,143,143,144,143,143,144,143,143,144,143,143,144,143,143,144,143,143,146,145,143,144,138,0,NA
89,00442B85,144,143,144,142,144,143,146,142,144,143,144,143,144,143,143,144,143,144,143,144,143,144,143,144,145,148,143,144,138,0,NA
90,00442C02,141,142,142,143,144,143,145,141,144,142,143,142,143,143,144,143,144,143,143,144,143,143,143,144,145,148,143,144,139,0,NA
91,00442C09,0,0,0,0,0,0,2,0,0,0,0,0,1,0,0,0,0,0,0,0,0,0,0,0,2,4,0,0,1,0,NA
92,00442C16,144,143,143,143,144,139,141,139,140,138,140,139,139,139,140,138,141,139,139,140,139,140,139,140,140,145,139,140,135,0,NA
93,00442C1B,144,140,143,139,142,142,143,141,142,141,141,143,144,143,143,143,143,143,143,144,143,144,143,144,144,147,143,143,137,0,NA
94,00442C25,143,143,144,143,144,143,145,143,144,143,144,143,144,143,144,143,144,143,144,143,144,143,144,143,144,147,143,144,139,0,NA
95,00442C4A,143,141,142,144,143,143,145,142,143,142,140,143,144,143,144,143,144,143,144,143,144,143,144,143,146,145,144,143,138,0,NA
96,00442C74,142,142,141,144,143,140,146,143,142,143,144,142,144,143,144,143,144,143,144,143,144,143,144,143,146,147,144,142,137,0,NA
97,00442C86,142,141,141,141,140,142,141,141,142,140,142,141,143,140,142,143,142,144,142,144,143,142,143,143,145,148,143,144,138,0,NA
98,00442C93,143,143,141,142,144,143,146,143,143,142,143,142,144,142,144,143,144,143,144,143,144,143,144,143,146,146,144,143,137,0,NA
99,00442CB6,142,144,144,143,142,141,142,143,143,143,144,143,144,144,143,143,143,144,144,144,144,144,144,144,144,147,143,143,138,0,NA
100,00442CC0,144,143,144,143,144,143,146,142,144,143,144,143,144,143,144,143,143,143,143,144,143,144,143,144,145,148,143,144,139,0,NA
101,00442D13,140,139,143,143,144,142,146,143,143,143,142,143,144,143,144,143,144,143,143,144,143,144,143,144,145,147,143,144,138,0,NA
102,00442D3E,142,142,141,143,144,142,146,143,144,143,142,143,144,143,144,143,143,144,143,144,143,144,143,144,144,147,142,144,137,0,NA
103,00442D5B,144,143,144,142,143,143,146,143,144,143,143,144,143,144,143,144,142,144,143,144,143,144,143,144,145,148,143,144,138,0,NA
104,00442D80,143,143,144,143,143,143,146,142,144,143,144,143,144,143,144,143,144,143,144,143,144,143,144,143,143,148,143,144,139,0,NA
105,00442F71,143,144,143,144,143,144,145,144,143,141,144,143,144,143,144,143,144,143,144,143,144,143,144,143,146,145,144,143,139,0,NA
106,00442F80,143,143,144,143,143,143,145,142,144,143,143,142,143,143,144,143,144,143,144,143,144,143,144,142,144,147,143,144,139,0,NA
107,00442FDA,144,142,144,143,144,143,146,143,144,142,144,142,144,143,144,143,144,143,143,144,143,144,143,144,145,148,143,144,139,0,NA
108,00442FDB,143,143,144,143,144,142,146,143,144,143,144,142,142,144,143,144,143,144,143,144,143,144,143,144,145,148,143,144,138,0,NA
109,00442FEC,144,143,144,143,143,143,145,143,144,143,144,142,144,143,143,144,143,144,143,144,143,144,143,144,145,148,143,144,138,0,NA
110,004519E5,143,142,144,142,143,143,145,143,144,143,144,141,144,143,144,143,144,143,144,143,144,143,143,144,145,148,143,144,139,0,NA
111,004521E4,143,144,142,143,143,143,145,143,142,143,144,143,143,144,143,143,144,143,143,144,143,143,144,143,145,148,143,143,139,0,NA
112,00452274,141,142,143,141,143,143,142,142,144,140,143,144,143,143,144,143,143,144,143,143,144,142,143,144,145,147,144,143,139,0,NA
113,00452352,143,142,143,141,142,142,144,144,143,143,144,143,143,144,143,143,144,143,143,144,143,144,143,143,146,147,143,143,138,0,NA
114,00486F3B,0,0,0,0,0,0,0,0,0,0,0,0,0,0,0,0,0,0,0,34,143,143,143,143,144,146,143,143,139,0,NA
115,004883BF,142,144,143,143,143,141,144,143,142,142,142,143,144,143,143,144,143,143,144,143,143,144,143,143,146,147,143,144,138,0,NA
116,004920F2,143,142,142,142,143,143,144,143,142,142,144,143,143,144,143,143,144,142,143,144,143,144,143,143,146,147,143,143,138,0,NA
117,008291C3,142,144,143,143,144,143,145,144,143,143,144,143,143,144,142,143,144,143,143,144,143,143,144,143,145,148,143,143,139,0,NA
118,0082DB0B,0,0,0,0,0,0,0,0,0,0,0,0,0,0,0,0,0,0,0,138,143,143,143,143,145,144,143,143,136,0,NA
119,00859166,141,143,143,142,142,142,142,142,141,139,143,141,141,143,140,143,143,139,143,144,143,141,142,143,143,143,142,143,136,0,NA
120,0085B7AD,0,0,0,0,0,0,0,0,0,0,0,0,0,0,0,0,0,0,0,33,140,141,141,140,141,140,141,141,136,0,NA
121,00442D72,0,0,0,0,0,0,0,0,0,0,0,0,0,0,0,0,0,0,0,0,0,0,0,0,0,0,0,0,0,0,NA
122,00442F2F,95,96,96,95,96,95,97,96,94,96,95,96,97,94,95,96,96,95,96,95,96,96,95,96,95,99,95,96,92,0,NA
123,004430C1,96,95,96,95,96,96,96,96,95,94,94,95,96,94,96,95,96,96,95,95,95,96,96,94,96,98,96,95,94,0,NA
124,0084C762,269,279,280,281,277,267,282,281,283,277,281,278,283,279,283,284,283,283,284,280,282,284,283,281,284,286,289,285,272,0,NA
125,0084EC28,54,77,48,54,60,87,97,63,80,63,41,84,115,134,137,135,140,134,134,139,141,132,138,136,140,134,134,142,133,0,NA
126,0084ECA1,95,93,93,93,92,86,96,92,94,96,94,91,94,72,93,96,93,95,94,95,94,93,92,95,91,104,94,95,93,0,NA
127,0084ECAF,129,130,129,130,131,128,132,129,130,130,130,130,131,130,130,130,130,131,130,131,130,130,129,130,134,132,130,132,126,0,NA
128,0084F5AC,87,88,84,86,83,84,91,92,89,95,90,92,95,89,94,95,96,95,96,94,94,95,95,96,96,96,96,95,92,0,NA
129,0085005A,89,87,82,93,91,91,90,93,93,84,82,87,92,80,88,94,93,91,95,93,92,94,96,94,96,106,94,98,95,0,NA
130,00850066,82,92,87,94,95,91,98,92,81,84,85,74,93,78,92,96,92,84,93,91,95,95,89,93,93,109,93,93,85,0,NA
131,00859162,127,136,137,130,128,127,137,129,124,137,135,137,140,132,140,142,142,142,137,143,142,142,140,140,144,140,140,141,136,0,NA
132,00859165,67,46,58,55,52,42,55,51,42,45,70,66,81,76,91,94,87,92,94,95,93,90,90,94,88,93,88,90,84,0,NA
133,008595AF,93,93,90,92,91,87,94,94,93,92,93,94,95,95,96,94,95,95,95,96,93,96,94,96,95,98,96,95,93,0,NA
134,00859BF2,93,90,93,93,93,93,96,94,96,94,91,93,94,95,95,96,96,94,96,95,95,96,94,96,95,98,95,96,91,0,NA
135,00859E1D,53,31,23,32,31,39,65,33,30,29,44,64,80,96,83,92,94,90,91,94,94,91,90,96,92,93,91,89,92,0,NA
136,0085A044,93,93,94,94,94,86,98,95,92,95,95,94,94,93,95,96,96,95,96,95,95,95,96,95,96,97,94,94,92,0,NA
137,0085A47D,92,90,94,93,90,78,92,92,94,92,96,91,95,94,96,96,94,96,94,96,96,96,96,94,97,96,96,95,92,0,NA
138,0085A6AB,93,90,89,86,87,74,92,90,89,93,89,90,94,95,94,96,96,95,96,95,96,95,95,94,95,98,93,95,90,0,NA
139,0085AAE1,71,68,80,80,73,97,64,93,105,110,96,105,117,128,127,129,126,130,128,129,129,128,128,128,128,129,128,129,125,0,NA
140,0085B13F,0,0,0,0,0,0,0,0,0,0,0,0,0,0,0,0,86,96,95,96,64,96,95,96,83,0,0,0,51,0,NA
141,0085B368,90,95,90,91,88,91,94,94,95,92,91,95,94,96,95,96,96,95,96,95,96,94,95,95,96,99,95,96,92,0,NA
142,0085B7AA,73,52,48,58,51,63,80,85,86,86,76,81,90,92,94,95,94,96,95,95,95,96,95,95,97,98,94,96,91,0,NA
143,0085B9B5,4,1,1,1,1,0,3,0,0,0,0,0,0,4,0,0,0,0,2,0,0,3,14,13,7,6,5,1,1,0,NA
144,00861870,78,88,77,78,78,89,92,83,88,81,81,80,90,95,94,96,96,94,95,94,95,93,92,95,95,96,94,96,91,0,NA
145,0086187D,76,67,60,56,42,61,38,66,62,62,52,62,89,96,91,96,95,93,90,94,95,86,87,83,91,98,95,95,91,0,NA
146,008618A7,83,62,73,73,82,74,80,83,86,88,86,85,92,88,93,94,96,93,96,95,96,96,95,96,96,98,95,95,92,0,NA
147,00861A63,91,96,91,94,93,92,99,95,89,93,96,92,92,76,88,94,91,76,91,92,94,89,86,90,95,105,87,95,86,0,NA
148,00861CB1,90,88,69,61,59,70,87,54,50,19,35,89,126,140,138,142,137,140,129,142,138,138,139,139,140,134,143,141,132,0,NA
149,004861C8,96,96,95,94,95,96,96,95,96,96,96,95,96,96,96,95,96,98,96,96,95,95,96,95,99,98,104,95,94,0,NA
150,00487383,0,0,0,0,0,0,0,0,0,0,0,0,0,0,0,0,0,0,0,33,138,138,139,138,143,137,137,138,134,0,NA
151,00859193,0,0,0,0,0,0,0,0,0,0,0,0,0,0,0,0,0,0,0,30,141,140,141,141,144,142,141,142,134,0,NA
152,0085B35E,0,0,0,0,0,0,0,0,0,0,0,0,0,0,0,0,0,0,0,29,143,143,143,143,145,143,142,146,138,0,NA
153,0085B796,129,129,130,130,130,129,131,130,130,129,129,130,130,130,129,130,130,130,130,129,130,130,131,130,134,132,130,132,125,0,NA
154,00488C74,0,0,0,0,0,0,0,0,0,0,0,0,3,3,3,3,3,3,3,3,3,3,3,3,3,3,3,3,3,0,NA
155,003DDC15,11,3,35,16,11,42,41,33,53,26,17,22,27,33,42,89,55,68,17,13,16,23,81,83,15,9,26,9,12,0,NA
156,007FDAA0,0,0,0,0,0,0,0,0,0,0,0,0,0,0,0,0,0,0,0,0,0,0,0,0,0,0,0,0,0,0,NA
157,00452281,0,0,0,0,7,130,130,130,130,131,130,130,130,130,130,9,0,0,0,0,0,2,0,23,131,129,130,130,124,0,NA
158,0048623B,144,143,163,143,120,92,44,1,0,0,0,0,0,0,0,0,0,0,0,0,0,0,0,0,0,0,0,0,0,0,NA
159,00486CD6,143,143,144,143,143,143,143,143,143,143,143,143,144,143,143,143,142,143,143,142,143,143,141,141,143,143,143,143,136,0,NA
160,00486EF3,144,143,143,143,141,143,143,143,143,143,144,143,143,143,143,143,143,143,143,143,144,141,142,142,143,143,143,143,137,0,NA
161,00486F54,143,143,143,143,143,143,143,144,143,143,143,143,143,143,143,143,144,143,143,143,90,0,0,0,0,0,47,143,137,0,NA
162,00488D85,1,1,1,0,1,0,0,1,0,0,0,0,1,0,0,63,143,143,140,143,143,143,141,143,143,144,143,143,136,0,NA
163,0048A08D,0,0,0,0,0,0,0,0,0,0,0,0,0,0,0,0,0,0,0,0,0,0,0,0,0,0,0,0,0,0,NA
164,0048A3DF,141,140,136,138,143,142,144,141,142,134,139,142,140,140,143,141,143,139,141,140,142,85,8,49,140,141,142,143,135,0,NA
165,00490FEF,144,143,143,143,149,143,143,121,143,146,143,144,143,26,18,154,143,143,143,144,129,98,144,146,144,143,54,2,137,0,NA
166,0084672D,143,143,143,143,143,144,143,143,143,143,143,143,143,143,144,143,143,143,143,142,143,86,0,26,143,143,143,143,136,0,NA
167,00861C3F,143,143,143,144,143,143,91,140,141,143,145,140,130,136,140,139,142,144,137,141,142,143,143,143,142,143,144,143,136,0,NA
168,00862E04,143,143,143,144,143,143,146,143,143,143,143,143,143,33,0,110,143,143,143,143,143,143,142,142,144,143,143,143,136,0,NA
169,00864324,143,143,143,141,136,143,146,142,142,143,143,141,144,33,0,109,143,141,142,140,143,139,117,123,131,143,142,143,136,0,NA
170,004865B0,140,141,140,141,141,140,141,141,140,141,140,141,141,140,141,141,140,141,140,140,141,140,141,138,140,141,140,141,134,0,NA
171,00492D9A,143,142,143,143,143,143,143,141,143,143,143,143,143,143,141,143,143,143,142,143,143,142,142,139,143,143,143,143,136,0,NA
172,00812397,143,143,143,143,143,143,143,143,144,143,143,143,143,143,143,143,143,143,143,143,143,141,139,143,142,143,143,143,136,0,NA
173,008125BB,143,143,143,143,143,140,143,143,143,143,143,143,144,140,143,142,142,143,143,143,143,143,143,143,143,143,143,144,136,0,NA
174,00846733,143,143,143,143,143,143,143,143,144,143,143,143,143,143,142,143,143,143,143,143,143,143,142,138,143,143,143,143,135,0,NA
175,00846968,143,143,143,143,143,143,143,143,141,143,144,143,144,143,143,143,143,143,143,140,143,143,143,144,141,143,143,143,136,0,NA
176,0085918D,141,140,141,140,141,141,140,141,141,140,141,140,141,141,140,141,141,140,141,142,141,114,0,25,141,140,141,141,134,0,NA
177,008595CA,141,143,140,143,140,141,140,141,141,140,140,141,140,141,140,141,140,140,141,141,140,141,139,137,141,140,141,141,134,0,NA
178,0085A6A2,139,141,141,140,140,141,140,141,140,141,141,140,141,141,140,141,140,141,140,140,141,138,139,141,140,141,140,140,134,0,NA
179,00864746,141,139,140,140,141,141,140,141,141,140,141,140,141,141,140,141,140,139,140,140,107,0,0,0,0,0,46,141,133,0,NA
180,00488943,128,128,126,128,128,128,128,128,127,129,127,128,128,128,128,128,128,128,129,128,128,127,130,128,128,128,128,128,122,0,NA
181,0084E3DF,0,22,140,141,141,140,141,141,140,141,140,141,141,140,141,141,140,142,16,134,141,141,139,140,141,140,141,140,134,0,NA
182,0085A694,141,140,141,141,140,141,141,140,141,140,141,141,140,141,141,140,141,140,141,141,140,141,140,140,141,140,141,141,134,0,NA
183,00861C8F,0,11,137,139,140,140,141,141,139,126,93,140,141,140,141,140,140,137,14,123,141,128,83,120,140,140,141,140,134,0,NA
184,008629BD,141,142,140,141,139,141,141,140,140,141,140,141,138,140,141,140,140,141,25,133,141,140,135,139,140,141,141,140,134,0,NA
185,00863457,140,131,0,0,0,0,0,0,0,0,0,0,0,0,0,0,0,0,8,2,0,0,0,0,0,0,0,0,0,0,NA
186,004861D7,3,3,3,3,3,3,3,3,3,3,3,3,3,3,3,3,3,3,3,3,3,3,3,3,3,3,3,3,3,0,NA
187,004868CB,4,4,4,4,4,4,4,4,4,4,4,4,4,4,4,4,4,4,4,4,4,3,3,3,4,4,4,4,4,0,NA
188,00486CD7,3,3,3,3,3,3,3,3,3,3,3,3,3,3,3,3,3,3,3,3,3,3,3,3,3,3,3,3,3,0,NA
189,00487BC5,3,3,3,3,3,3,3,3,3,3,3,3,3,3,3,3,3,3,3,3,3,3,3,3,3,3,3,3,3,0,NA
190,00487E29,3,3,3,3,3,3,3,3,3,3,3,3,3,3,3,4,3,3,3,3,3,3,3,3,3,3,3,3,3,0,NA
191,0048861D,4,4,4,4,4,4,4,4,4,4,4,4,4,4,4,4,4,4,5,4,4,4,4,4,4,4,4,4,4,0,NA
192,004894E6,4,4,4,4,4,4,4,4,4,4,4,4,4,4,4,4,4,5,4,4,4,4,4,4,4,4,4,4,4,0,NA
193,00489D28,4,4,4,4,4,4,4,4,4,4,4,4,4,4,4,4,4,4,4,4,4,4,4,4,4,4,4,4,4,0,NA
194,0048A1C5,4,5,4,4,4,4,4,4,4,4,4,4,4,4,4,4,4,4,4,4,4,4,4,4,4,4,4,4,3,0,NA
195,00492F25,3,4,3,3,3,3,3,3,3,3,3,3,3,3,3,3,3,3,3,3,3,3,3,3,3,3,3,3,3,0,NA
196,028D668E,144,144,144,144,143,142,143,143,144,142,142,143,142,143,144,143,144,143,144,144,143,143,144,142,143,142,143,142,137,0,NA
197,028D6CE0,133,137,141,136,129,142,134,140,140,139,132,127,139,131,140,129,131,131,135,134,134,130,128,137,134,137,140,136,125,0,NA
198,00395A49,142,139,142,140,141,138,137,140,142,138,142,141,142,141,142,139,141,140,141,142,141,142,140,142,140,142,141,137,135,0,NA
199,00395C7C,142,141,142,141,142,140,142,140,141,140,142,140,141,141,142,141,141,141,141,142,141,142,141,142,141,144,141,142,134,0,NA
200,0045235B,96,96,96,96,118,96,96,84,98,96,96,96,96,96,96,96,96,96,96,30,24,96,96,98,96,97,117,100,92,0,NA
201,00492D55,0,0,0,0,0,0,0,0,0,0,0,0,0,0,0,0,0,0,0,0,0,0,0,0,0,0,0,0,0,0,NA
202,008466C6,0,0,0,0,0,0,0,0,0,0,0,0,0,0,0,0,0,0,0,0,0,0,0,0,0,0,0,0,0,0,NA
203,008466D8,96,96,96,96,96,96,96,96,96,96,96,96,96,96,96,96,96,96,96,96,96,96,96,97,96,97,102,100,92,0,NA
204,008466D9,96,96,96,96,96,96,98,96,96,96,96,96,96,95,96,96,96,96,96,96,96,96,94,96,96,95,96,98,92,0,NA
205,0084E90D,96,96,96,96,96,96,96,83,96,96,96,96,96,96,98,16,82,96,96,96,96,96,96,92,0,70,100,17,42,0,NA
206,00850091,95,95,96,96,96,96,98,96,96,95,96,96,96,96,96,96,96,96,96,96,96,96,96,96,96,95,91,94,91,0,NA
207,0085009E,96,89,0,11,96,96,96,96,95,12,0,30,81,46,96,25,78,95,96,96,96,94,96,96,56,21,50,63,49,0,NA
208,0042C323,143,144,143,147,144,143,143,144,143,147,146,143,142,144,143,145,143,144,143,145,144,145,143,144,143,166,143,147,137,0,NA
209,00440361,144,143,143,145,143,144,143,143,144,141,142,143,143,144,142,144,143,143,143,143,144,143,144,142,143,152,135,146,136,0,NA
210,004522CF,144,143,143,148,143,143,144,143,143,148,146,143,143,144,143,145,144,143,143,146,143,145,144,143,143,164,140,147,136,0,NA
211,008245C2,0,0,0,0,0,0,0,0,0,0,0,0,0,0,0,0,0,0,0,0,0,0,0,0,0,0,0,0,0,0,NA
212,0084B073,104,118,120,126,127,124,140,124,140,100,131,108,98,9,89,141,140,114,117,142,138,132,133,140,143,161,129,121,78,0,NA
213,0084B274,121,107,127,143,89,62,119,104,139,121,113,112,133,126,143,143,130,105,96,103,139,139,130,137,113,132,108,76,128,0,NA
214,0084BABB,133,144,144,147,144,142,144,142,144,146,145,143,141,142,144,144,141,143,143,145,143,141,143,142,143,167,136,145,137,0,NA
215,0084BCDD,55,28,52,47,62,46,141,135,82,52,55,43,31,0,29,35,72,50,54,46,15,19,60,49,24,55,80,26,36,0,NA
216,0084E740,83,143,142,145,107,74,134,75,70,118,118,123,95,130,103,13,85,138,88,68,51,64,117,94,102,135,118,93,121,0,NA
217,0084EA2F,144,143,142,146,143,143,144,143,143,146,144,143,144,144,143,146,143,143,142,145,142,144,142,143,143,165,136,144,137,0,NA
218,0084EDBC,81,112,121,140,85,97,104,138,140,106,118,132,97,2,112,138,136,92,59,106,141,137,126,128,130,135,115,33,48,0,NA
219,0084FD1A,124,123,117,140,120,128,44,141,140,120,122,92,142,141,141,143,129,106,116,129,142,129,126,124,133,150,122,112,129,0,NA
220,0042FBAD,143,143,143,143,144,143,143,143,143,143,143,143,145,143,143,143,143,143,143,143,143,143,143,145,143,142,139,143,136,0,NA
221,004522EB,143,144,143,119,143,143,143,143,143,143,143,143,143,143,143,143,144,143,143,143,143,143,143,143,143,142,111,0,0,0,NA
222,00493149,0,0,0,0,0,0,0,0,0,0,0,0,0,0,0,0,0,0,0,0,0,0,0,0,0,0,80,122,0,0,NA
223,0082CDA5,143,144,143,133,143,145,143,143,143,143,143,143,143,143,143,142,143,143,143,143,144,143,143,143,143,142,139,142,136,0,NA
224,0082DE02,143,143,144,143,143,143,145,143,143,143,143,143,143,143,143,143,143,143,143,143,142,143,143,143,143,142,147,147,136,0,NA
225,0084E73E,143,143,143,143,143,144,143,143,143,141,143,143,143,143,143,143,143,142,143,143,143,143,143,143,143,142,140,141,136,0,NA
226,0084ECC0,143,143,143,143,143,145,143,143,143,143,143,144,142,143,143,143,143,143,143,143,143,143,143,143,144,142,140,141,135,0,NA
227,0084EDBF,143,142,143,142,144,144,143,144,143,143,142,143,143,143,143,143,143,140,143,144,143,143,143,143,143,141,138,142,137,0,NA
228,0085917E,143,144,143,143,143,143,143,143,143,143,143,143,143,143,144,143,143,143,143,143,143,143,143,143,143,143,144,143,136,0,NA
229,0045705A,234,195,235,246,242,233,241,252,239,240,235,266,266,269,240,187,237,266,271,259,266,253,230,245,213,221,234,232,207,0,NA
230,00457098,17,9,11,39,20,15,23,29,31,26,22,15,17,23,12,1,6,7,11,16,30,19,37,30,41,27,23,20,15,0,NA
231,0042C30E,103,142,142,144,139,117,139,130,142,142,136,125,138,135,131,69,112,138,139,123,135,131,134,141,132,83,118,0,0,0,NA
232,0042F700,143,139,144,146,141,142,143,140,143,143,144,142,144,124,143,146,143,144,143,144,143,144,143,144,142,144,145,143,136,0,NA
233,0042F7F3,144,143,144,146,144,145,143,144,143,144,143,143,144,151,144,144,144,143,144,142,53,143,144,143,144,143,146,20,134,0,NA
234,003DD31D,96,93,94,95,95,96,94,91,95,89,94,96,94,93,93,96,95,94,93,92,93,92,91,94,95,91,93,94,88,0,NA
235,004039AB,72,78,91,75,86,81,39,64,72,70,72,59,65,93,63,57,46,64,83,61,79,67,59,83,59,72,59,81,73,0,NA
236,00407A07,71,83,87,86,74,88,79,81,82,86,78,79,85,78,81,73,69,85,66,74,91,84,66,70,75,85,74,91,77,0,NA
237,0040867C,0,0,0,0,0,0,0,0,0,0,0,0,0,0,0,0,31,737,517,783,827,560,595,676,486,511,671,265,335,0,NA
238,0041177F,35,30,40,15,11,15,29,33,33,40,44,43,40,13,28,53,24,28,26,39,59,37,34,18,24,25,27,43,32,0,NA
239,0043247C,0,0,0,0,0,0,0,0,0,0,0,0,22,3,0,0,0,0,0,0,0,3,0,0,0,0,26,1,0,0,NA
240,00434229,93,95,92,96,92,86,96,94,95,96,96,96,95,105,95,97,95,94,94,93,81,89,95,96,93,95,90,93,79,0,NA
241,0043D5F3,96,95,96,102,96,98,96,95,96,96,95,96,95,105,96,96,96,95,96,96,96,96,96,95,96,96,100,98,90,0,NA
242,0044993F,0,0,0,602,634,174,480,0,0,0,0,0,0,483,13,72,611,0,0,0,0,0,0,0,0,0,44,727,0,0,NA
243,00449979,73,83,84,85,94,92,83,74,93,89,92,93,66,101,94,95,95,85,94,93,93,65,96,95,88,94,69,97,87,0,NA
244,00450689,95,94,95,95,96,94,95,95,95,96,95,96,95,95,95,95,95,95,96,96,95,96,93,95,95,93,90,95,89,0,NA
245,0045077E,0,0,5,0,0,0,0,0,0,1,0,0,0,0,0,0,0,0,0,0,0,0,0,0,0,0,0,0,0,0,NA
246,00450806,152,69,76,66,35,63,97,81,42,31,34,64,31,21,123,117,65,12,94,215,422,52,40,35,31,6,32,145,149,0,NA
247,0045944B,0,0,0,0,0,0,0,0,0,0,0,0,0,0,0,0,0,0,0,0,0,0,0,0,0,0,0,0,0,0,NA
248,00459849,44,79,81,68,63,68,57,59,68,45,69,67,68,66,63,44,52,34,51,80,55,64,63,46,33,55,48,59,54,0,NA
249,0082432B,0,0,0,0,0,0,0,0,0,0,0,0,0,0,0,0,3,94,95,95,98,96,93,96,95,95,98,96,91,0,NA
250,00439CD2,0,0,0,0,0,0,0,0,0,0,0,0,0,0,0,0,0,0,0,0,0,0,0,0,0,0,0,0,0,0,NA
251,0045080A,0,0,0,0,0,0,0,0,0,0,0,0,0,0,0,0,0,0,0,0,0,0,0,0,0,0,0,0,0,0,NA
252,0040F1BD,145,143,144,144,144,144,144,144,144,144,144,144,144,144,144,144,144,144,145,144,144,144,143,145,144,144,144,144,137,0,NA
253,004281D5,144,144,144,144,144,144,143,144,144,144,144,144,144,144,144,144,144,144,144,144,143,144,144,144,144,144,144,144,137,0,NA
254,004403A3,145,144,144,144,144,144,144,144,144,144,143,144,144,144,144,144,144,144,144,144,144,144,144,143,144,144,144,144,137,0,NA
255,0045930F,142,141,142,142,142,142,141,142,142,142,142,141,142,142,142,142,141,142,142,142,142,140,141,142,142,142,141,141,135,0,NA
256,00407B05,144,142,144,144,144,144,144,144,144,144,143,144,144,144,144,144,144,144,144,144,143,144,144,142,144,144,144,144,137,0,NA
257,00452272,143,144,143,143,143,143,143,144,143,143,144,143,143,144,143,143,144,143,143,144,143,143,144,143,143,144,142,142,137,0,NA
258,00493189,143,144,143,143,144,143,143,144,143,143,144,143,143,144,142,143,144,143,143,144,143,143,143,143,143,144,143,143,137,0,NA
259,0043250E,694,693,694,693,694,693,694,693,694,693,694,693,694,693,694,694,693,694,693,694,694,693,694,693,694,693,694,693,662,0,NA
260,0045220A,0,0,0,0,0,0,0,0,0,0,132,140,139,139,140,140,140,140,140,140,140,140,140,140,140,140,140,139,133,0,NA
261,00491205,0,0,0,0,0,0,0,0,0,0,758,787,767,710,631,547,755,653,695,572,568,706,453,616,751,700,730,737,746,0,NA
262,00492D5B,0,0,0,0,0,0,0,0,0,0,134,143,143,143,143,143,143,143,143,143,142,142,142,142,143,143,143,143,136,0,NA
263,004523C8,0,0,0,0,0,0,0,0,0,0,0,0,0,0,0,0,0,0,0,0,0,0,0,0,0,0,0,0,0,0,NA
264,00493197,0,0,0,0,0,0,0,0,0,0,136,143,143,142,144,143,144,144,144,144,144,144,144,142,144,144,144,144,137,0,NA
265,00492D9F,0,0,0,0,0,0,0,0,0,0,135,144,144,143,144,142,144,144,144,146,143,144,144,144,144,144,144,143,136,0,NA
266,00492FA7,0,0,0,0,0,0,0,0,0,0,128,147,176,144,144,143,144,143,144,144,144,143,144,144,143,144,143,144,137,0,NA
267,00395D04,95,101,96,94,111,95,106,100,95,95,95,99,105,95,96,95,95,95,95,104,95,99,94,95,96,146,102,106,91,0,NA
268,00486F5B,0,0,0,0,0,0,0,0,0,0,0,0,0,0,0,0,0,0,0,0,0,0,0,0,0,0,0,0,0,0,NA
269,008599F6,97,94,95,98,96,95,63,65,95,94,95,94,94,94,96,94,94,95,94,29,0,0,0,0,0,0,0,0,36,0,NA
270,0085AAD9,106,94,100,99,103,99,123,105,95,97,97,84,0,0,0,0,0,0,0,0,0,0,0,0,0,0,0,0,0,0,NA
271,0085B581,96,95,95,96,95,95,96,65,20,0,2,0,3,0,0,0,0,0,40,78,0,47,96,95,96,95,53,0,2,0,NA
272,00861C80,52,95,97,95,88,52,36,44,96,95,85,53,104,5,47,95,77,18,96,95,60,51,95,96,63,93,0,29,71,0,NA
273,00861E7C,100,94,94,95,97,96,114,103,95,99,94,83,0,0,0,0,0,0,0,0,0,0,0,0,0,0,0,0,0,0,NA
274,00861E82,0,0,0,0,0,0,0,0,0,0,0,0,1,0,0,0,0,0,0,1,0,0,0,0,0,0,0,0,0,0,NA
275,00846B2F,0,0,0,0,0,0,0,0,0,0,0,0,0,0,0,0,0,0,0,0,0,0,0,0,0,0,0,0,1,0,NA
276,0084C703,0,0,0,0,0,0,0,0,0,0,0,0,0,0,0,0,0,0,0,0,0,0,0,0,142,94,96,159,1,0,NA
277,0084F5BE,48,141,11,99,95,943,95,96,94,96,95,96,95,100,49,0,32,95,95,96,64,96,94,91,98,94,96,141,0,0,NA
278,008500A7,4,95,93,95,96,95,96,95,96,94,95,94,96,95,49,0,32,97,95,95,64,95,92,94,97,93,96,94,91,0,NA
279,0085918A,95,96,90,95,96,95,95,185,96,95,96,94,96,97,50,96,95,98,93,96,95,96,95,96,101,95,95,95,89,0,NA
280,008595C2,0,53,136,95,96,205,1615,28,96,719,1101,1902,250,794,384,0,142,0,142,18,142,0,159,0,88,144,141,0,142,0,NA
281,0085B364,95,95,76,89,93,91,94,94,95,95,95,94,95,95,49,0,33,91,89,96,94,94,116,71,66,71,86,90,77,0,NA
282,0085B7A3,160,1,160,1955,1,0,0,0,1274,3834,0,0,0,0,0,0,0,0,0,0,0,0,0,33,99,95,96,95,91,0,NA
283,0086171A,160,1,160,1898,1,0,0,0,1077,3388,0,0,0,0,0,0,142,18,142,14,142,18,159,1,3862,159,1,18,141,0,NA
284,00861AB8,174,0,175,2983,141,0,0,0,22,95,765,2976,95,96,3741,0,33,144,142,0,142,0,0,29,142,154,0,0,24,0,NA
285,00861CC7,0,142,160,1836,0,0,0,0,1248,3471,0,0,0,0,0,0,0,0,0,0,0,0,0,0,0,0,0,1,0,0,NA
286,0082D665,67,96,95,95,332,374,215,114,95,96,95,261,95,209,96,134,117,94,95,121,95,95,96,95,701,110,104,144,96,0,NA
287,0082D66D,96,95,96,96,96,95,96,96,95,96,96,96,95,208,95,95,96,96,96,95,96,96,95,96,96,97,96,96,91,0,NA
288,0082DB97,143,143,11,375,48,331,3,1659,940,1223,0,0,0,0,0,1,87,79,84,15,0,90,82,85,82,42,3,0,43,0,NA
289,00846B28,96,95,107,97,95,95,96,95,95,95,96,95,95,96,95,95,96,95,95,96,95,95,95,96,95,95,96,95,91,0,NA
290,0084C755,0,0,52,142,0,0,0,0,68,436,81,78,1015,774,2267,951,83,66,126,145,0,0,142,72,141,212,141,0,0,0,NA
291,0084FDDB,0,0,1,0,0,0,0,1,0,0,0,0,0,0,0,0,0,0,0,0,0,0,0,0,0,0,0,0,0,0,NA
292,00859C2A,157,0,185,1808,0,0,0,0,1167,3486,0,0,0,0,0,17,142,18,142,18,142,15,158,0,2330,128,142,18,142,0,NA
293,00846B2C,95,96,95,96,95,96,97,96,95,96,95,103,95,96,95,96,95,96,95,96,95,96,95,96,96,98,95,96,93,0,NA
294,0084C76C,199,1,142,142,142,0,0,0,2321,1914,8352,9804,9794,9793,9792,9794,1,33,143,33,143,33,176,1,0,0,0,0,0,0,NA
295,0084F5BA,95,96,95,95,96,95,97,96,95,96,95,95,96,31,0,0,90,97,96,95,96,95,95,96,97,96,96,142,5,0,NA
296,0084F681,90,96,94,96,95,235,96,96,95,96,95,96,96,67,96,72,96,95,96,95,142,0,95,96,97,98,142,0,92,0,NA
297,0084FDE3,96,100,57,76,95,96,82,96,95,100,94,98,95,49,39,16,30,19,0,0,0,0,0,0,27,103,143,0,0,0,NA
298,0084FE72,0,0,0,0,0,0,110,0,0,0,0,0,0,0,0,0,42,0,0,0,91,33,0,0,13,160,103,0,85,0,NA
299,0084FE7F,95,96,95,96,95,96,97,96,95,96,95,96,95,96,95,96,141,0,142,0,95,96,95,96,98,97,95,96,92,0,NA
300,0085A8C8,35,97,98,95,19,96,117,68,92,61,46,16,96,95,96,38,44,96,90,42,1,56,96,96,51,0,15,0,54,0,NA
301,00861A36,95,96,95,96,95,96,96,95,96,95,96,97,96,95,96,95,96,96,95,96,96,96,96,95,96,95,96,95,90,0,NA
302,007FDD65,96,95,96,95,96,95,2832,96,95,96,95,96,286,1007,0,78,95,96,95,96,142,27,142,95,96,6,0,0,0,0,NA
303,0082D65F,0,34,96,96,85,0,0,0,0,0,0,0,0,0,0,0,0,0,0,0,0,0,0,0,0,0,0,0,0,0,NA
304,008620B7,0,0,0,0,0,0,0,0,0,0,0,0,0,0,0,0,0,0,0,0,0,0,0,0,0,0,0,0,0,0,NA
305,00846AB7,96,95,95,96,203,95,50,74,95,95,96,93,89,92,90,94,95,96,92,91,96,94,95,95,95,95,96,95,91,0,NA
306,00846ABB,2,145,57,201,1,0,0,0,23,96,94,7829,15882,16032,16184,8230,0,0,145,52,144,0,95,117,95,96,95,97,93,0,NA
307,00846B24,95,95,95,96,95,95,48,92,95,96,92,93,95,93,89,96,95,95,93,89,95,144,94,95,96,95,145,58,144,0,NA
308,00846B2E,96,95,95,103,95,95,51,92,95,96,95,92,86,95,94,93,96,95,91,92,94,94,95,96,95,95,96,95,91,0,NA
309,0084E3E0,96,95,96,95,96,95,87,96,95,96,95,96,95,96,96,95,96,95,96,95,96,95,96,95,96,95,96,95,91,0,NA
310,0084E742,95,95,96,95,95,95,63,0,0,0,0,0,0,0,0,0,0,0,0,0,0,0,0,0,0,0,0,0,0,0,NA
311,0084E922,95,96,95,95,96,95,86,96,95,95,96,95,95,95,96,95,95,96,95,95,96,95,95,95,96,95,95,96,91,0,NA
312,0084EA37,95,96,95,96,95,96,155,96,95,96,95,96,95,96,95,96,95,96,95,96,95,96,95,96,95,96,24,0,0,0,NA
313,00846AAB,96,86,0,7,95,96,13,16,96,6,0,33,78,45,96,15,77,95,96,97,95,96,95,96,48,13,142,0,42,0,NA
314,00846B37,0,85,95,96,94,95,13,17,96,94,96,95,96,32,0,0,81,95,95,96,95,96,95,96,62,34,57,85,65,0,NA
315,0084EC34,95,96,95,96,96,96,97,96,95,96,95,95,96,95,96,95,96,95,96,95,99,95,96,95,96,94,94,96,91,0,NA
316,00395A48,182,0,181,2121,30,0,6883,10958,10526,7137,0,0,0,0,0,39,143,39,143,38,143,38,181,0,5697,181,1,39,143,0,NA
317,00395C2D,94,96,95,80,6,0,2125,93,96,93,94,94,40,0,0,94,96,95,96,95,96,95,95,91,94,93,95,91,90,0,NA
318,00861820,95,95,96,94,96,95,1,87,95,93,96,95,95,94,94,96,95,95,96,95,96,95,94,95,95,95,96,95,91,0,NA
319,00420E06,76,95,95,95,95,89,0,1,0,137,95,95,91,0,0,34,100,95,143,0,143,0,95,96,95,97,143,0,90,0,NA
320,00420EAF,75,95,95,96,95,91,0,1,0,93,95,96,93,0,0,143,96,95,67,0,11,95,96,95,96,95,92,0,87,0,NA
321,00487990,75,95,94,97,97,90,0,0,0,93,95,96,91,0,0,34,96,95,142,0,134,95,96,95,95,95,142,0,88,0,NA
322,00487BC9,96,95,96,14,43,71,5,99,96,7,0,87,100,16,152,117,103,102,74,132,12,0,0,69,395,145,95,18,0,0,NA
323,004891EE,95,96,95,15,42,65,4,92,92,7,0,66,83,14,92,76,70,94,58,92,12,0,0,66,91,89,91,17,0,0,NA
324,00489826,76,95,95,95,95,89,0,0,0,95,95,95,91,0,0,33,100,94,141,0,129,97,96,95,95,97,143,0,86,0,NA
325,0084F5B6,3,0,2,95,95,95,12,95,96,95,95,27,0,6,95,78,0,0,69,95,17,69,95,16,0,7,0,0,64,0,NA
326,0085006A,97,95,96,14,42,69,5,114,233,7,0,75,90,15,114,98,80,105,62,116,12,0,0,69,96,95,142,0,0,0,NA
327,00850093,2,0,2,113,123,104,12,170,117,116,111,37,0,5,117,86,0,0,76,111,16,77,113,20,0,7,0,0,75,0,NA
328,00859192,95,96,95,15,41,69,5,95,95,7,0,67,85,15,94,79,69,95,58,94,12,0,0,69,96,95,96,16,0,0,NA
329,008595B3,174,0,173,3000,1,0,0,0,1377,5640,0,0,0,0,0,19,141,25,142,10,143,30,171,1,2518,4,143,0,142,0,NA
330,00859E2C,97,95,96,14,24,71,1,76,96,7,0,81,99,12,151,117,103,99,74,135,12,0,0,68,94,96,96,18,0,0,NA
331,0085B150,3,0,2,95,96,95,12,96,95,96,95,29,0,6,95,79,0,0,68,96,16,69,96,15,0,6,0,0,65,0,NA
332,0085B7A9,103,101,102,118,139,180,10,119,115,298,96,104,98,6,125,104,101,100,122,102,24,112,101,98,105,98,89,0,108,0,NA
333,0085B9BB,3,0,2,95,95,95,12,95,96,95,95,28,0,6,95,78,0,0,69,95,17,69,95,16,0,6,0,0,63,0,NA
334,00861AC6,97,95,95,96,95,95,10,94,96,95,95,96,95,7,95,95,96,94,96,95,22,89,95,95,95,95,84,0,144,0,NA
335,00862085,80,76,82,77,86,84,9,78,84,77,79,84,77,7,90,84,74,77,78,87,23,75,88,83,84,80,72,0,84,0,NA
336,0086209C,73,95,95,96,95,89,0,0,0,559,95,96,91,0,0,143,96,95,143,0,143,0,95,95,96,95,89,0,143,0,NA
337,00485714,97,95,82,83,93,95,59,86,95,97,95,94,94,60,96,95,97,92,94,83,95,97,95,95,92,95,86,84,87,0,NA
338,00488FD7,96,95,96,96,95,96,116,95,96,98,95,96,95,95,96,95,96,95,95,96,96,96,95,96,95,95,96,95,91,0,NA
339,00490065,0,0,0,0,0,0,0,0,0,0,0,0,36,96,9492,95,95,96,95,95,96,95,96,95,95,96,95,95,91,0,NA
340,008500AC,98,95,99,98,94,95,96,95,96,103,96,94,95,95,95,97,95,96,95,95,96,95,95,95,95,98,100,96,90,0,NA
341,0085AAD5,0,0,0,0,0,0,0,0,0,0,0,0,36,96,95,95,96,95,96,95,97,95,95,96,95,95,96,95,91,0,NA
342,0084C752,106,95,95,96,95,110,96,95,96,95,95,96,95,95,96,95,96,95,95,96,95,95,96,95,96,95,99,96,90,0,NA
343,00850013,96,95,95,96,95,95,96,95,96,95,95,96,95,95,96,95,96,95,95,96,95,95,96,95,96,95,97,96,90,0,NA
344,0085001D,95,95,96,95,95,78,96,95,96,95,95,96,95,95,96,95,96,95,95,95,95,95,96,95,85,95,96,95,91,0,NA
345,0085B144,96,95,95,96,95,95,96,95,96,95,95,96,95,95,96,95,96,95,95,96,95,95,96,95,96,95,97,96,90,0,NA
346,00420D5B,64,93,96,95,84,96,54,95,98,92,95,2844,95,53,49,95,97,96,98,144,87,96,97,98,133,94,97,83,81,0,NA
347,00485090,82,96,145,144,97,95,2151,96,97,95,95,94,95,95,96,95,96,95,144,0,95,95,95,97,95,94,96,95,91,0,NA
348,004861DE,95,96,95,95,97,95,95,95,96,96,95,95,96,95,95,95,96,95,95,95,96,95,95,96,96,95,95,95,91,0,NA
349,00859187,175,1,0,0,1,0,0,0,0,0,0,0,0,0,0,0,1,0,0,1,0,0,0,0,0,0,0,0,0,0,NA
350,004217EB,95,96,96,95,96,95,96,97,97,95,96,96,247,558,4287,2203,27,95,96,95,96,95,96,96,95,96,95,96,92,0,NA
351,00486F4D,95,96,95,96,95,96,96,96,97,95,96,96,95,96,95,96,95,96,95,96,96,95,96,95,96,95,96,95,92,0,NA
352,0084F5BB,142,141,0,143,343,140,96,95,96,95,96,95,96,95,96,95,96,95,96,95,96,95,96,95,96,95,96,95,92,0,NA
353,0084E745,94,94,96,94,93,95,95,94,94,95,94,93,94,151,75,95,90,92,92,144,122,93,93,93,93,95,95,143,143,0,NA
354,00850052,0,0,0,0,0,0,0,0,0,0,0,0,0,0,0,0,0,0,0,0,0,0,0,0,0,0,0,0,0,0,NA
355,00486CE4,131,0,0,0,0,0,0,0,0,0,0,0,1,0,0,0,0,0,0,0,0,0,0,0,0,0,0,0,0,0,NA
356,00850068,0,0,0,0,0,0,0,0,0,0,0,0,0,0,0,0,0,0,0,0,1,0,0,0,0,0,0,0,0,0,NA
357,0085A8CB,142,0,0,0,0,0,0,0,0,0,0,0,0,0,0,0,0,0,0,0,0,0,1,0,0,0,0,0,0,0,NA
358,0085B7AB,94,96,95,144,1668,3013,2676,95,4749,1873,95,96,95,95,95,145,95,95,96,95,95,194,1,95,95,96,144,0,144,0,NA
359,00861C40,95,96,2,31,96,95,99,96,95,98,95,96,95,23,75,96,96,95,96,95,82,48,96,97,95,96,95,96,93,0,NA
360,00395B50,96,94,91,94,95,96,94,96,95,96,94,94,95,90,96,94,96,95,92,94,95,96,96,94,96,96,96,95,88,0,NA
361,00395C0D,92,94,95,95,95,96,94,94,94,96,95,96,95,93,96,92,95,96,93,96,94,95,94,93,96,96,96,95,91,0,NA
362,0082D9E6,181,0,180,4033,1,0,0,0,7098,7622,0,0,0,0,0,39,143,35,143,38,144,35,180,1,6070,181,0,39,144,0,NA
363,0082DC3D,180,1,182,4101,1,0,0,0,7152,7771,0,0,0,0,0,39,143,38,143,39,143,37,182,0,6368,181,2,39,143,0,NA
364,00491FD8,143,141,0,144,278,280,95,334,128,844,188,514,168,96,488,144,141,0,145,0,94,143,143,145,223,339,144,47,142,0,NA
365,007FDFDD,101,124,123,125,111,105,95,97,77,115,108,99,96,99,99,132,141,1,95,96,96,102,141,125,116,95,95,93,64,0,NA
366,0082D6A8,95,96,94,95,95,95,96,92,54,96,96,92,96,96,96,94,95,95,96,95,96,96,96,94,95,93,96,94,64,0,NA
367,0085B36C,144,143,13,2491,0,0,0,0,23,2432,3983,8283,4936,2809,1053,5664,143,27,144,0,100,188,2,145,2007,2,143,49,144,0,NA
368,0048A29B,203,1,202,5970,1,0,0,0,4058,11236,0,0,0,0,0,57,144,57,144,56,144,58,199,60,10583,147,0,0,0,0,NA
369,0084F4EB,95,95,96,95,95,95,96,95,98,130,96,95,525,98,95,95,95,143,143,0,97,95,95,143,347,3,143,0,91,0,NA
370,0085B359,144,95,95,95,96,95,95,116,95,96,97,95,101,96,95,94,96,95,95,96,95,96,94,95,89,65,95,95,93,0,NA
371,0082DB82,37,96,96,96,93,52,7,36,96,95,57,96,79,0,0,0,0,0,0,0,0,0,0,0,0,0,0,0,0,0,NA
372,0082DA71,95,96,95,95,95,96,95,95,95,96,95,95,95,96,95,94,95,95,96,95,97,95,95,96,95,95,95,96,91,0,NA
373,0082DAFA,36,143,177,3682,1,0,0,0,23,96,97,98,95,100,97,96,106,96,95,95,96,103,95,96,95,97,96,95,114,0,NA
374,0084EC29,95,96,95,96,95,95,96,95,95,96,95,96,95,95,96,95,95,96,95,96,95,95,96,95,95,96,95,96,90,0,NA
375,0084F5C1,144,96,95,95,96,1663,16461,4367,94,96,1486,16429,16311,16472,11854,16426,0,56,144,58,144,0,94,96,97,96,145,56,145,0,NA
376,0084F676,141,134,133,140,129,171,138,93,120,145,130,140,219,207,122,141,141,1,141,0,95,101,96,95,95,105,99,95,112,0,NA
377,0085004B,143,141,1,141,218,200,280,315,214,167,0,0,0,0,0,0,100,95,95,95,141,0,103,110,109,105,127,98,103,0,NA
378,0085B131,141,142,0,142,142,0,0,0,52,134,0,0,0,0,0,0,141,0,143,0,141,0,143,144,141,147,142,1,141,0,NA
379,00861C7F,92,88,85,83,89,95,63,63,93,95,92,92,96,93,86,88,91,94,94,28,0,0,0,0,0,0,0,0,38,0,NA
380,003959B4,0,1,0,0,1,0,10,0,0,0,0,1,3,0,1,2,6,6,10,30,0,0,0,0,0,0,0,0,0,0,NA
381,00395A5E,0,3,0,0,0,0,3,0,0,0,0,0,1,0,0,35,18,142,81,3,0,0,2,0,0,0,0,0,0,0,NA
382,00420CF2,7,96,67,48,95,96,101,96,95,95,96,95,96,95,95,96,95,95,96,95,131,96,97,96,97,95,95,96,91,0,NA
383,008597EF,95,96,95,96,95,96,26,76,191,98,95,106,95,96,108,102,100,99,102,102,3,122,112,101,99,115,102,96,93,0,NA
384,0085B14B,95,73,0,94,102,2,0,23,90,0,0,0,0,0,30,96,97,99,0,0,0,0,43,27,45,0,0,0,0,0,NA
385,00488B75,95,95,95,96,93,96,94,96,95,81,30,95,95,95,94,96,96,96,95,96,96,95,95,96,96,96,95,68,0,0,NA
386,0084F4EF,144,95,95,96,95,89,54,151,121,324,466,96,1004,23,95,96,144,0,96,201,0,0,144,144,69,143,145,0,43,0,NA
387,0084F67B,85,142,0,50,678,445,34,86,61,483,0,0,0,0,0,0,0,0,0,0,0,0,0,40,142,146,108,81,79,0,NA
388,0085009B,173,1,172,3218,1,0,0,0,2129,6238,0,0,0,0,0,1,95,95,95,95,53,80,95,95,95,95,91,0,77,0,NA
389,00859A09,110,96,95,96,95,96,95,96,95,96,95,96,95,96,95,96,95,143,115,96,86,80,95,96,95,96,95,96,91,0,NA
390,0085B370,99,95,97,94,96,97,95,95,96,95,95,103,95,96,98,97,98,95,96,95,97,99,95,99,95,99,97,97,94,0,NA
391,0085B7B2,95,95,95,87,80,95,95,95,95,95,89,82,95,95,95,94,96,92,82,95,95,95,96,95,87,82,85,33,91,0,NA
392,0048610A,202,1,198,5974,2,0,0,0,4075,11174,0,0,0,0,0,57,144,58,145,55,144,57,201,59,10553,203,1,55,144,0,NA
393,0082DA8E,141,130,143,144,307,96,96,96,134,116,96,114,124,94,119,137,104,135,143,0,95,142,135,120,133,115,96,95,92,0,NA
394,0084696D,95,96,95,171,0,0,0,0,23,96,95,95,96,28,79,84,53,96,95,95,9,76,96,94,96,95,90,18,142,0,NA
395,00846B29,95,96,95,96,95,96,95,96,95,96,96,95,96,95,96,95,96,95,96,95,98,95,96,96,95,96,94,96,91,0,NA
396,004882D9,0,0,0,0,0,0,0,0,0,0,0,0,0,0,0,0,0,0,12,95,121,95,95,96,95,96,97,95,91,0,NA
397,00846AA8,77,94,80,91,81,79,23,95,100,95,96,131,93,12,125,96,77,78,88,86,6,87,92,79,90,84,82,0,82,0,NA
398,00420D5E,0,0,0,0,0,0,0,0,0,0,0,0,0,0,0,0,0,0,0,0,0,0,0,0,0,0,0,0,0,0,NA
399,00420D64,0,0,0,0,0,0,0,0,0,0,0,0,0,0,0,0,0,0,0,0,0,0,0,0,0,0,0,0,0,0,NA
400,00420DA8,89,96,96,95,95,96,95,95,95,95,95,95,96,95,95,95,95,95,95,96,95,95,95,95,95,95,96,95,90,0,NA
401,00420EB5,16,0,0,0,0,0,0,0,7,0,0,0,0,0,0,0,0,0,0,0,0,1,0,0,0,0,0,0,0,0,NA
402,004866B9,99,95,97,95,95,95,96,95,95,95,95,95,95,95,95,95,95,95,96,95,95,95,95,99,95,95,95,95,91,0,NA
403,00486CEC,143,95,104,95,1897,364,95,495,129,798,95,120,109,3288,1916,95,95,95,95,95,142,0,145,48,236,198,95,143,90,0,NA
404,00487C00,0,0,0,0,0,0,0,0,0,0,0,0,0,0,0,0,0,0,0,0,0,74,95,95,96,95,97,96,91,0,NA
405,008595C4,0,0,0,0,0,0,0,0,0,0,0,0,0,0,95,96,95,96,95,95,96,95,95,96,95,96,95,95,91,0,NA
406,00846B2B,0,0,0,0,7,97,0,14,74,65,68,71,53,69,0,0,61,50,52,126,0,29,71,54,51,55,48,0,25,0,NA
407,0084E596,42,34,31,46,51,49,71,72,65,47,68,64,64,68,82,87,51,54,68,65,65,78,80,47,65,47,47,67,54,0,NA
408,0085AD10,0,78,83,80,68,82,83,88,79,87,90,86,89,68,0,16,85,89,90,88,55,34,80,75,92,90,95,65,75,0,NA
409,0085005E,95,94,95,94,95,94,95,95,95,95,94,95,94,95,95,95,95,94,94,96,95,95,95,94,95,95,95,95,91,0,NA
410,00420E2D,95,95,105,95,96,73,96,95,96,94,96,94,96,95,96,96,95,96,94,96,98,95,95,95,95,96,96,95,90,0,NA
411,00850056,96,95,95,96,94,96,95,96,95,94,94,95,95,97,95,96,93,96,93,97,95,96,95,95,95,99,96,95,91,0,NA
412,0085005B,96,95,94,95,94,95,95,97,94,95,96,95,96,95,95,96,94,94,96,93,96,95,95,96,95,94,95,95,90,0,NA
413,008500FB,96,95,94,96,94,96,95,95,96,97,95,96,95,96,95,95,100,95,95,96,95,95,96,95,94,96,100,95,92,0,NA
414,0085B9B1,95,96,95,96,95,95,96,95,100,95,97,95,104,95,96,95,95,96,103,137,105,102,107,102,99,106,108,103,91,0,NA
415,004891E4,87,95,95,100,95,90,95,97,95,95,95,95,99,82,95,97,95,99,96,95,96,99,95,95,95,95,95,95,94,0,NA
416,0084E3F2,96,95,98,95,96,95,96,95,98,95,96,95,96,95,96,95,96,95,96,95,96,97,96,95,96,95,96,95,91,0,NA
417,0084E58C,110,104,108,108,109,101,21,99,111,113,99,112,98,70,105,96,104,100,106,100,86,95,101,96,101,111,95,96,101,0,NA
418,008595C9,95,96,95,95,96,95,95,96,95,96,95,95,96,65,95,100,95,95,96,95,57,93,95,96,95,96,95,85,82,0,NA
419,0085B142,94,95,95,96,95,95,74,95,95,96,95,95,96,55,87,95,95,96,95,96,56,93,96,95,95,96,95,84,82,0,NA
420,0085B573,94,95,95,96,95,95,74,95,96,95,96,95,95,57,96,96,95,95,96,95,54,93,96,95,95,96,95,85,82,0,NA
421,003959BC,94,94,93,95,95,95,95,95,95,95,95,96,95,96,95,95,96,93,96,95,95,96,95,95,95,96,95,95,91,0,NA
422,00395BFF,91,85,89,67,73,88,95,78,90,89,91,90,95,91,90,92,92,80,73,83,88,85,79,73,35,42,53,61,46,0,NA
423,0082D880,0,0,0,0,0,0,0,0,0,0,0,0,0,0,0,0,0,0,0,0,0,0,0,0,0,0,0,0,0,0,NA
424,0084BCE9,0,0,0,170,0,0,0,0,1926,5561,0,0,0,0,0,28,141,0,0,0,142,0,0,142,1597,171,0,0,141,0,NA
425,0084C700,0,0,0,171,2,0,0,0,2177,6233,0,0,0,0,0,31,142,0,0,0,143,0,0,143,2661,174,2,0,143,0,NA
426,0084C74F,95,92,93,87,47,74,46,0,31,86,88,88,88,91,91,88,87,96,95,95,96,95,93,90,85,92,90,94,86,0,NA
427,00859186,95,101,95,98,95,95,96,97,95,95,97,99,98,97,99,101,98,95,95,96,97,98,97,99,95,97,97,96,92,0,NA
428,008593B1,0,0,0,169,143,0,0,0,1918,5731,0,0,0,0,0,29,142,0,0,0,143,0,0,141,1703,171,1,0,143,0,NA
429,0086180D,95,99,100,95,97,98,96,98,99,100,116,97,101,95,112,97,97,97,96,97,98,99,100,98,99,101,100,98,94,0,NA
430,00861829,180,1,178,1035,3313,4947,46,0,3017,7177,0,0,0,0,0,0,83,96,95,95,96,90,93,81,71,81,91,90,78,0,NA
431,00846A9B,143,141,5,142,793,558,649,343,790,41,0,0,0,0,0,0,141,11,142,0,141,0,142,142,632,9,141,4,143,0,NA
432,0085B794,6,32,42,18,16,19,10,0,0,0,0,0,0,0,3,0,0,0,0,0,4,0,0,0,0,0,0,2,0,0,NA
433,0086209B,34,62,39,38,70,37,0,0,0,0,0,0,0,14,88,92,86,83,76,94,93,83,89,72,66,0,0,0,18,0,NA
434,00846B33,172,0,171,3050,1,0,0,0,2050,5815,0,0,0,0,0,29,142,29,142,29,143,29,171,31,5424,171,0,29,143,0,NA
435,00488D75,2,95,96,87,95,96,1847,96,143,97,95,96,96,109,33,0,27,96,95,94,142,0,95,95,96,95,143,0,73,0,NA
436,008500AE,95,96,95,95,96,95,96,94,95,96,95,95,96,95,96,94,97,95,95,95,96,95,96,95,95,96,95,95,91,0,NA
437,004217C0,96,98,95,96,95,95,89,95,96,95,95,96,95,72,96,95,100,96,95,95,22,88,96,95,95,96,95,95,3,0,NA
438,0082AA73,119,97,96,107,95,65,97,111,105,132,157,194,143,95,102,95,100,142,95,130,95,101,100,95,96,95,95,83,136,0,NA
439,0048A2B6,95,96,96,95,96,95,96,95,95,95,96,95,96,96,147,96,96,96,95,96,95,96,96,95,96,95,96,95,91,0,NA
440,0084C6FF,99,95,97,95,96,97,98,99,95,94,97,96,95,100,95,98,95,96,95,96,95,96,95,98,98,96,98,95,95,0,NA
441,0086186D,95,95,96,95,95,98,95,96,95,94,96,95,95,96,95,96,95,95,96,95,47,95,95,95,95,96,99,12,37,0,NA
442,00486105,117,96,94,98,61,43,35,46,29,29,26,28,63,40,36,33,29,33,37,44,45,52,31,58,50,61,143,0,48,0,NA
443,00488305,118,136,142,0,201,171,113,117,124,113,122,122,133,148,146,93,88,121,116,82,44,80,83,98,108,96,92,101,125,0,NA
444,00491769,95,95,96,95,95,96,269,96,95,104,96,95,95,96,92,96,97,94,95,95,94,93,83,96,95,92,82,109,91,0,NA
445,00850062,95,95,95,93,65,29,61,57,64,68,44,44,68,59,58,69,63,80,79,75,74,38,30,51,33,42,44,56,43,0,NA
446,00395BC4,0,0,3,3,3,0,0,1,1,0,0,9,0,0,0,0,6,0,0,2,0,0,2,0,0,0,0,0,0,0,NA
447,00420D5F,0,0,0,0,0,0,0,0,0,0,0,0,0,0,0,0,0,0,0,0,0,0,144,0,0,0,0,0,0,0,NA
448,00420E15,141,141,1,141,0,0,0,0,36,143,143,144,143,143,143,142,141,0,141,0,141,1,142,141,142,142,141,27,136,0,NA
449,004861C2,0,0,34,0,0,0,0,0,0,0,0,0,0,0,0,0,0,0,0,0,0,0,92,95,96,95,95,96,91,0,NA
450,0048627D,96,114,95,144,175,95,1453,1209,214,95,149,147,1057,9954,2717,198,2,0,144,12,144,0,138,95,146,95,115,95,91,0,NA
451,0084F4E5,95,95,96,95,96,95,95,96,95,95,96,95,96,95,95,96,95,95,96,95,96,95,95,96,95,96,95,95,91,0,NA
452,0084F67D,96,95,96,95,96,95,96,95,96,95,96,95,96,95,96,95,96,95,96,95,96,95,96,95,96,95,98,95,91,0,NA
453,0084F685,95,95,96,95,95,96,95,96,95,96,95,95,96,95,96,95,95,96,95,95,96,95,96,96,95,83,96,95,91,0,NA
454,00420E72,49,92,94,95,85,93,9,40,83,93,95,81,92,99,89,48,91,91,94,79,0,0,65,92,91,93,86,95,87,0,NA
455,0085B7A8,34,63,78,73,66,86,6,38,57,62,79,63,80,82,78,53,86,81,77,57,0,0,88,106,74,104,140,72,82,0,NA
456,0086153D,44,92,89,85,80,89,25,48,78,72,73,90,92,24,51,21,93,94,79,90,58,47,59,82,93,95,95,25,57,0,NA
457,0085AAD1,95,96,95,96,95,96,95,96,96,95,96,95,89,0,32,96,95,96,95,96,95,96,95,96,96,95,96,95,91,0,NA
458,004866AD,96,94,94,106,93,93,506,91,93,91,95,94,95,589,98,99,96,93,95,94,94,143,96,95,96,96,97,101,90,0,NA
459,004868B2,96,95,96,98,95,95,22,756,95,95,96,95,95,33,756,97,94,94,96,95,96,95,95,96,95,95,80,198,2,0,NA
460,0084F67F,173,1,172,1632,1,0,0,0,1013,3165,0,0,0,0,0,29,142,28,142,30,143,0,142,143,2819,142,142,29,142,0,NA
461,0084FE73,0,0,0,0,0,0,0,0,0,0,0,0,0,0,0,0,0,0,0,0,0,0,0,0,0,0,144,0,75,0,NA
462,0084FE77,96,95,95,99,95,96,95,95,95,95,95,95,96,95,95,97,95,95,96,95,69,144,98,95,95,95,97,95,91,0,NA
463,0085009C,97,96,95,97,96,96,16,90,96,95,95,15081,8391,71,53,17,145,57,144,0,144,0,200,1,0,26,2,0,51,0,NA
464,00861854,0,0,0,0,0,0,0,0,0,0,0,0,0,0,0,0,0,0,0,0,0,0,0,0,0,0,0,0,0,0,NA
465,00850057,94,95,92,93,94,94,96,95,95,95,105,93,96,99,94,93,94,96,95,94,107,95,89,93,94,95,92,92,91,0,NA
466,008500FA,95,95,95,95,95,56,16,97,95,95,92,60,0,41,97,96,95,95,95,95,95,95,95,95,96,95,95,95,91,0,NA
467,00850103,95,95,95,95,96,95,95,95,96,95,95,95,95,95,95,95,96,95,95,95,95,95,95,95,95,75,62,63,90,0,NA
468,00859179,35,70,96,96,95,96,95,96,95,96,178,96,95,88,95,96,95,96,142,0,94,95,96,95,96,95,96,96,91,0,NA
469,0085AAD4,95,95,95,95,95,96,93,95,95,95,96,95,95,82,95,95,95,96,95,90,37,95,95,95,95,96,95,95,90,0,NA
470,008617FD,95,95,96,95,95,94,95,95,96,95,95,95,95,95,95,104,95,95,95,95,97,96,95,95,95,95,64,36,91,0,NA
471,00861C77,95,95,95,95,95,94,93,94,94,93,95,94,95,95,96,95,92,93,94,93,95,94,93,95,95,95,94,95,91,0,NA
472,0084F4F2,95,95,96,95,95,96,95,95,96,95,95,96,77,0,0,57,95,96,95,95,64,78,95,95,96,95,95,49,70,0,NA
473,0084F67C,201,1,11,96,95,96,71,57,119,95,96,95,63,0,0,53,95,96,96,95,60,83,96,95,96,96,0,0,49,0,NA
474,0084FE76,95,96,95,96,95,96,95,99,95,96,95,96,81,0,0,63,96,95,96,95,96,95,96,95,96,95,96,92,92,0,NA
475,0085001E,96,95,95,96,95,96,97,95,96,95,95,96,78,0,0,57,95,95,96,95,69,82,96,95,95,96,81,39,70,0,NA
476,008500F8,144,144,1,141,106,96,95,1212,1665,657,281,137,233,0,0,5,0,0,0,0,0,0,40,124,95,95,96,95,93,0,NA
477,008501D9,95,96,95,96,95,96,95,96,169,97,95,96,81,0,0,142,95,96,141,1,141,1,97,95,96,95,142,0,37,0,NA
478,0085B36D,95,96,95,96,95,96,95,97,96,95,96,95,87,81,0,63,96,95,96,95,96,95,96,142,96,82,95,96,91,0,NA
479,00420DC0,164,1,164,2480,0,0,0,0,1713,4637,0,0,0,0,0,0,140,141,141,1,140,141,142,142,141,4,141,0,135,0,NA
480,00486106,142,136,139,141,0,0,0,0,35,128,131,138,139,142,142,141,132,135,141,1,135,141,142,128,135,141,130,81,119,0,NA
481,00486121,0,0,0,0,0,0,0,0,0,0,0,0,0,0,0,0,0,0,0,0,0,0,0,0,0,0,0,0,0,0,NA
482,00486291,178,1,176,2853,1,0,0,0,0,0,0,0,4502,10009,8696,8720,1,31,143,34,142,33,175,36,177,269,143,32,143,0,NA
483,004866C9,91,73,0,0,24,96,79,87,94,91,94,87,92,94,91,87,94,52,0,0,43,93,93,75,0,0,0,0,0,0,NA
484,00850063,89,94,94,83,89,87,60,88,92,94,95,94,94,95,95,95,93,83,94,89,93,95,96,93,95,95,94,60,90,0,NA
485,00861828,64,105,81,104,95,107,66,119,114,106,121,107,119,113,121,117,112,104,92,69,109,121,110,118,120,114,106,66,109,0,NA
486,00861CB5,143,141,0,141,489,398,68,380,413,306,0,0,0,0,0,0,141,0,141,0,78,143,142,142,245,1,141,0,141,0,NA
487,00431898,0,0,0,0,32,22,71,55,96,95,97,96,95,71,95,22,90,95,96,95,78,38,95,94,96,96,95,64,91,0,NA
488,00488DB2,0,0,0,0,22,0,0,0,0,0,0,22,15,0,0,0,112,96,57,50,0,92,94,96,98,96,95,66,91,0,NA
489,008593A2,0,0,0,0,52,20,96,95,96,95,94,97,95,54,95,79,90,94,95,96,95,96,95,95,96,98,96,75,91,0,NA
490,0085010C,77,79,83,75,69,79,1,78,76,80,79,85,83,59,84,18,82,80,83,79,75,80,77,71,68,75,75,19,69,0,NA
491,008595C1,58,48,62,51,31,40,46,49,46,48,62,50,52,71,55,47,32,63,67,57,35,47,44,48,55,66,59,30,46,0,NA
492,0085A8CA,24,20,18,24,31,27,43,17,25,23,32,41,34,50,43,40,29,31,48,50,53,33,55,51,50,42,56,50,41,0,NA
493,00487995,145,144,144,144,147,121,13,145,143,144,144,144,144,76,132,144,143,144,144,128,32,144,143,144,144,145,144,16,127,0,NA
494,007FDC62,634,469,474,508,616,622,69,350,506,372,433,186,0,0,342,494,707,523,532,628,110,815,526,613,724,647,777,76,620,0,NA
495,00845BAB,144,144,144,144,144,144,144,144,144,143,141,144,144,5,137,144,144,143,144,137,2,143,144,144,144,143,144,144,139,0,NA
496,008466C5,116,139,121,137,122,118,33,144,144,144,144,125,139,18,144,145,117,117,132,129,9,129,139,119,135,126,122,0,122,0,NA
497,008466CC,0,0,0,0,0,0,0,0,0,0,8,0,0,178,0,0,0,0,0,0,0,145,0,0,0,0,0,24,0,0,NA
498,008466D1,143,145,144,145,144,143,144,144,142,143,144,142,143,6,134,143,142,142,144,134,2,144,144,144,143,142,142,144,137,0,NA
499,008466E1,125,128,133,116,132,130,0,106,134,144,116,133,145,145,144,144,145,144,146,144,16,116,144,144,144,144,108,0,103,0,NA
500,00846727,144,142,144,144,144,142,145,143,144,143,144,142,144,144,144,143,145,143,143,144,145,144,144,142,142,144,144,144,139,0,NA
501,0084672A,112,144,145,145,112,144,16,144,144,145,143,145,108,20,83,142,146,144,144,144,17,144,143,144,144,114,143,15,130,0,NA
502,0084FD30,143,143,143,143,141,143,142,142,143,144,143,143,140,142,143,142,143,143,142,143,143,143,144,143,142,143,143,143,136,0,NA
503,0085A253,3,2,3,3,3,3,3,2,3,3,3,3,3,2,3,3,3,3,3,3,2,3,3,3,3,3,2,3,3,0,NA
504,0049C417,23,23,22,23,23,21,23,23,22,23,15,0,0,0,0,0,0,0,0,0,0,0,0,0,0,0,0,0,0,0,NA
505,0084C701,0,0,0,0,0,0,0,0,0,0,0,0,0,0,0,0,0,0,0,0,0,0,0,0,0,0,0,0,0,0,NA
506,0084FE7E,0,0,0,0,6,0,2,0,3,0,0,0,0,0,0,0,0,0,0,0,0,0,0,0,0,0,0,0,0,0,NA
507,008597E9,25,24,24,25,24,25,24,25,25,24,25,24,25,24,24,25,24,25,24,25,25,24,25,24,25,24,24,24,23,0,NA
508,0086171C,23,22,23,22,24,24,24,25,24,23,24,24,24,24,25,24,24,24,24,24,25,23,22,20,22,23,25,23,23,0,NA
509,0086181C,0,0,0,0,0,0,0,0,2,0,0,0,0,0,0,0,0,0,0,0,0,0,0,0,0,0,0,0,0,0,NA
510,00861825,0,3,11,1,0,0,0,0,1,1,0,0,0,0,0,0,0,0,0,0,0,0,0,0,0,0,0,0,0,0,NA
511,0086183A,0,0,0,0,0,0,0,0,4,0,0,0,0,0,0,0,0,0,0,0,0,0,0,0,0,0,0,0,0,0,NA
512,0086183E,0,0,0,0,0,0,0,0,0,0,4,24,23,22,0,0,0,0,0,0,0,0,0,0,0,0,0,0,0,0,NA
513,00861C88,0,0,0,0,0,0,0,0,0,0,0,0,0,0,0,0,0,0,0,0,0,0,0,0,0,0,0,0,0,0,NA
514,00862082,21,19,21,24,22,18,22,21,24,20,23,20,19,23,19,22,23,20,21,21,22,26,24,24,26,24,26,26,23,0,NA
515,008620BC,23,25,24,24,25,23,24,24,24,22,21,24,22,23,24,24,23,22,24,23,23,23,25,23,22,23,21,21,21,0,NA
516,00442B9D,143,144,143,144,144,142,2,132,144,144,144,144,142,144,144,144,144,145,145,144,143,144,144,144,145,144,145,144,136,0,NA
517,00442DC9,1022,1019,1020,1022,1020,1022,165,130,144,148,144,144,146,144,145,145,148,144,147,143,143,147,144,145,145,144,144,144,139,0,NA
518,00442FFB,144,144,144,144,143,144,2,132,144,148,144,148,142,144,146,144,144,144,144,144,144,147,146,142,146,146,144,145,141,0,NA
519,0048C8E4,2,2,2,2,2,2,2,2,2,2,2,2,2,2,2,2,2,2,2,2,2,2,2,2,2,2,2,2,2,0,NA
520,0048C92D,2,2,2,2,2,2,2,2,2,2,2,2,2,2,2,2,2,2,2,2,2,2,2,2,2,2,2,2,2,0,NA
521,0048D575,143,142,141,141,143,139,144,141,80,140,75,0,0,71,143,140,141,137,143,144,145,140,139,142,139,138,139,131,98,0,NA
522,0048D7E8,2,2,3,2,2,3,3,3,3,0,3,1,3,1,0,3,2,2,2,3,3,1,2,2,2,1,1,1,1,0,NA
523,0049C1E8,3,3,3,3,4,3,3,3,2,1,3,3,3,3,3,1,3,3,3,3,3,4,3,3,3,2,2,3,3,0,NA
524,0085A261,141,138,135,139,124,138,130,87,140,136,140,117,136,142,138,81,132,127,105,95,84,120,111,118,135,104,121,129,116,0,NA
525,0085A6A7,141,142,141,141,142,141,142,141,141,142,141,141,142,141,141,84,141,141,141,142,141,141,142,141,142,141,141,142,134,0,NA
526,00488D7F,54,79,72,106,108,27,121,93,82,66,73,69,106,112,109,69,40,66,32,38,26,71,63,70,91,115,80,12,29,0,NA
527,00420DB0,143,143,142,146,143,145,144,143,143,143,143,143,143,151,143,145,143,143,143,143,142,144,143,143,143,142,147,145,136,0,NA
528,004519FE,2,2,1,1,2,2,2,2,2,2,2,2,2,2,2,2,2,2,2,2,2,2,2,2,2,1,2,2,2,0,NA
529,00486AE3,145,141,143,143,142,144,143,143,143,142,143,142,143,142,142,144,143,143,143,143,143,143,145,143,144,143,145,143,136,0,NA
530,004868B7,140,139,140,139,140,140,141,140,140,141,139,140,141,130,141,141,140,141,141,140,141,139,141,139,139,141,142,141,134,0,NA
531,008593A4,146,144,144,144,144,144,144,144,144,144,144,144,144,143,144,144,144,144,144,144,144,144,144,144,144,144,144,144,137,0,NA
532,008620B8,144,144,144,144,144,146,144,144,144,144,144,144,144,144,144,144,144,144,144,144,144,144,144,144,144,144,144,144,137,0,NA
533,0048830C,144,144,144,144,144,144,144,144,144,144,144,144,144,143,144,143,144,144,143,143,146,144,144,143,144,144,144,144,138,0,NA
534,0085B9D1,144,144,143,144,144,143,144,144,143,144,143,144,144,143,144,144,143,144,144,143,144,143,144,144,143,144,143,144,137,0,NA
535,00861A62,144,143,143,144,143,144,144,143,144,144,143,144,144,143,144,144,143,144,144,143,146,144,143,144,144,143,144,146,137,0,NA
536,0084ECB4,143,143,143,143,143,145,143,143,143,143,143,143,143,143,143,143,143,143,144,143,143,143,143,142,143,143,143,142,137,0,NA
537,00859377,143,143,143,143,143,143,142,143,143,143,144,141,143,143,143,144,143,143,143,142,142,142,143,142,141,142,138,142,137,0,NA
538,0085939C,144,143,143,143,143,145,143,143,143,143,143,143,143,143,143,143,143,143,143,144,143,143,143,143,143,143,143,143,137,0,NA
539,0085A69A,142,144,142,142,142,140,143,143,143,143,143,143,143,142,143,142,144,143,139,143,143,142,143,143,141,140,141,141,137,0,NA
540,0085ACFE,143,142,144,143,143,143,143,142,143,143,143,143,143,143,143,142,143,144,143,143,143,143,143,143,143,143,143,143,137,0,NA
541,0084F4F1,143,143,144,131,143,143,143,143,143,143,143,143,141,69,143,143,143,143,143,143,143,143,143,143,143,144,143,143,136,0,NA
542,0084F5BF,143,143,144,143,143,143,143,143,143,143,143,143,137,68,143,143,144,143,143,143,143,143,143,143,143,143,143,143,137,0,NA
543,0085937D,128,129,127,138,140,134,136,139,135,129,134,140,136,139,134,132,128,116,139,139,132,132,137,124,105,130,124,128,135,0,NA
544,0048D92A,1,1,1,1,1,1,1,1,1,1,1,1,1,1,1,1,1,1,1,1,1,1,1,1,1,1,1,1,1,0,NA
545,00420DC7,140,141,141,142,141,141,140,141,140,141,141,142,143,151,140,141,140,145,141,140,108,142,141,141,139,141,140,141,134,0,NA
546,0048C8DA,1,0,1,1,0,2,2,2,1,1,1,0,1,2,2,3,3,1,1,1,2,1,1,0,1,0,0,3,1,0,NA
547,0048D280,3,3,3,3,3,3,3,3,3,3,3,3,3,3,3,3,3,3,3,3,3,3,3,3,4,3,3,3,2,0,NA
548,0084F5C5,0,0,0,0,0,0,0,0,0,0,0,0,0,0,0,0,0,0,0,0,0,0,0,0,0,0,0,0,0,0,NA
549,0085B139,0,0,0,0,1,0,0,0,0,0,0,0,0,0,0,0,0,0,0,0,0,0,0,0,0,0,0,0,0,0,NA
550,00395CE1,0,0,0,0,0,0,0,0,0,0,0,0,0,0,0,0,0,0,0,0,0,0,0,0,0,0,0,0,0,0,NA
551,00442C82,84,144,144,144,143,147,5,90,144,144,145,145,145,148,145,144,145,144,144,144,5,86,144,148,143,144,144,145,137,0,NA
552,00442CF1,85,144,144,145,144,146,6,89,144,145,145,144,144,146,144,144,144,144,144,144,5,84,143,147,143,144,145,145,139,0,NA
553,00442D21,110,115,130,125,112,112,0,104,117,105,129,101,107,0,98,99,139,104,81,105,0,82,116,137,145,104,82,0,81,0,NA
554,00442EB8,146,144,145,145,144,144,69,146,144,144,145,144,145,1,144,144,143,145,144,115,76,138,143,144,129,139,13,0,84,0,NA
555,00442EC5,84,144,144,144,144,146,6,90,144,144,144,144,145,148,145,144,145,144,144,144,6,87,143,148,144,144,144,144,139,0,NA
556,00442FD9,144,144,145,144,143,143,69,0,0,0,0,0,0,0,143,145,144,145,143,145,82,141,144,144,144,144,144,5,121,0,NA
557,00442C2C,148,144,164,143,144,148,144,152,144,145,143,144,144,144,145,143,145,145,147,156,144,145,145,144,145,145,143,145,139,0,NA
558,00442C75,145,144,145,144,144,144,143,144,144,144,144,145,144,144,144,144,144,144,144,144,144,144,144,144,144,144,145,144,139,0,NA
559,00442EB5,144,144,140,145,144,143,145,142,142,144,141,143,137,144,143,142,145,142,142,145,145,142,138,143,144,145,143,145,136,0,NA
560,00442EC7,132,140,144,146,143,145,144,142,140,145,140,140,143,144,107,139,142,145,142,143,143,145,144,142,143,143,142,144,137,0,NA
561,00846746,117,104,120,107,123,131,11,128,116,99,107,105,91,0,82,87,86,83,113,131,4,97,131,104,132,80,80,0,79,0,NA
562,0084692F,131,131,131,131,131,131,131,131,131,131,131,131,131,131,131,131,130,131,131,131,131,131,131,131,131,131,130,133,125,0,NA
563,00846951,108,97,89,104,91,129,4,93,87,84,87,98,82,0,78,76,78,82,80,68,0,80,79,81,81,74,74,0,80,0,NA
564,00846A98,131,131,131,131,131,131,6,131,131,131,110,130,92,0,101,130,130,131,131,130,1,101,131,131,131,131,128,0,83,0,NA
565,00846E49,125,126,123,115,96,123,4,125,102,123,109,116,119,0,78,83,87,83,123,82,3,98,93,128,125,125,85,0,79,0,NA
566,00450547,1,1,1,0,1,1,1,1,1,1,1,1,1,1,1,1,1,1,1,1,1,1,1,1,1,1,1,1,1,0,NA
567,00861809,143,143,143,142,143,143,143,143,143,143,144,142,143,143,143,143,143,143,143,143,143,142,142,140,142,144,143,143,136,0,NA
568,00487DCF,143,143,143,143,142,143,143,143,143,143,143,143,143,143,143,141,143,143,144,143,143,143,143,143,143,143,143,143,137,0,NA
569,00486283,143,143,143,144,143,143,145,143,143,143,143,143,145,143,143,143,143,143,143,143,126,143,144,143,143,143,149,143,136,0,NA
570,004864E1,143,143,143,143,143,143,145,143,143,143,143,143,144,143,143,143,143,143,143,145,130,143,144,143,143,143,147,143,136,0,NA
571,00488954,143,143,143,143,143,143,143,143,143,143,143,144,143,143,143,143,143,143,143,143,143,143,143,143,143,143,143,144,136,0,NA
572,00859396,143,143,143,143,143,143,143,143,143,143,143,144,143,144,143,144,143,143,143,143,143,143,143,143,143,143,143,143,138,0,NA
573,0085B132,143,143,144,143,143,143,143,143,143,143,143,143,143,145,143,143,143,143,144,143,143,143,143,143,143,143,143,143,139,0,NA
574,00861A37,143,143,143,143,143,143,144,143,143,143,143,143,143,145,143,143,143,143,143,143,143,143,144,143,143,143,143,143,138,0,NA
575,00861EB1,143,143,143,144,143,143,143,143,143,143,143,143,143,145,143,143,143,143,143,144,143,143,143,143,143,143,143,143,139,0,NA
576,0085B9C0,3,3,4,3,3,3,3,3,4,3,3,3,3,3,3,4,3,3,3,3,3,4,3,3,3,3,3,4,3,0,NA
577,00420F30,141,140,141,140,141,141,140,141,141,140,141,140,141,142,141,141,140,141,140,141,141,140,141,140,141,141,140,141,136,0,NA
578,00486109,134,135,138,133,136,131,138,137,74,128,134,138,140,139,134,138,137,137,136,138,141,138,140,137,136,130,137,134,89,0,NA
579,00486CEF,144,144,143,145,143,144,144,143,144,143,144,144,143,144,144,143,144,143,144,144,143,144,143,144,144,143,144,143,137,0,NA
580,0084FDDC,144,144,145,144,144,144,144,145,144,144,144,144,145,144,146,144,144,144,145,144,144,144,145,144,144,144,144,145,137,0,NA
581,00420D9C,130,130,130,130,130,130,131,130,130,130,130,130,130,130,131,130,130,130,130,130,132,130,130,131,130,130,130,130,124,0,NA
582,00420E22,130,130,130,130,129,130,131,130,130,130,130,130,130,131,130,130,130,130,130,130,132,130,130,131,130,130,130,130,124,0,NA
583,0042188E,130,130,130,130,130,130,131,129,130,130,130,130,130,130,131,130,130,130,130,130,132,130,130,131,130,130,130,130,124,0,NA
584,00486CDF,130,130,130,130,130,130,123,130,130,130,131,130,130,130,130,130,130,130,131,130,130,130,130,130,130,131,130,130,124,0,NA
585,00486CE8,130,130,130,130,130,130,131,130,129,130,130,130,130,130,131,130,130,130,130,130,132,130,130,131,130,129,130,130,124,0,NA
586,00487354,130,130,130,130,130,130,123,130,128,130,131,130,130,130,130,130,130,130,131,130,130,130,130,130,130,131,130,130,124,0,NA
587,00488B60,130,131,130,130,130,130,130,130,130,131,130,130,130,130,130,130,131,130,130,130,110,130,130,130,130,131,130,130,124,0,NA
588,00859372,130,131,130,130,130,130,130,130,131,130,130,130,130,130,130,131,130,130,130,130,113,130,130,130,130,131,130,130,124,0,NA
589,00487355,144,144,143,144,144,144,143,144,144,144,143,144,144,144,143,144,143,144,144,143,144,143,144,144,143,144,143,144,137,0,NA
590,00850069,141,140,141,141,137,141,140,141,141,140,141,140,141,141,140,141,141,140,141,140,141,141,140,141,141,140,141,140,135,0,NA
591,00861CB4,141,140,141,140,138,141,140,141,141,140,141,140,141,141,140,141,141,140,141,140,141,141,140,141,141,140,141,140,135,0,NA
592,00850098,143,143,143,143,143,144,137,144,143,143,143,143,143,143,143,143,143,143,143,143,144,143,143,143,143,143,143,143,137,0,NA
593,00859376,143,143,143,143,143,143,143,143,143,143,144,143,143,143,143,143,143,143,143,143,143,143,143,143,143,143,144,143,138,0,NA
594,0085A8B1,143,143,143,143,143,143,143,143,143,143,143,144,143,143,143,143,143,143,143,143,143,143,143,143,143,143,144,143,138,0,NA
595,00861A66,143,143,143,143,143,144,143,143,143,142,143,143,143,143,143,143,142,143,144,143,143,143,143,143,143,143,143,143,137,0,NA
596,00861C45,143,143,143,143,143,143,144,143,143,143,143,143,143,143,145,143,143,143,143,143,143,142,144,143,143,143,143,143,136,0,NA
597,00861EAE,143,143,143,143,142,143,143,143,143,143,143,143,143,143,145,143,143,143,143,143,143,143,143,143,143,142,144,142,136,0,NA
598,0086668D,143,143,143,143,143,143,143,143,143,143,143,144,143,143,144,144,143,143,143,143,143,143,143,143,143,143,143,144,136,0,NA
599,004217AE,144,144,144,144,144,146,144,144,144,144,143,144,144,152,144,144,144,144,144,142,144,144,144,144,144,144,144,144,138,0,NA
600,00487E2D,0,0,0,0,0,0,0,0,0,0,0,0,0,0,0,0,0,0,0,0,0,0,0,0,0,0,0,0,0,0,NA
601,0048A2D1,143,143,143,143,143,143,143,144,143,143,143,143,143,143,143,143,144,143,143,143,143,143,143,143,143,143,144,143,136,0,NA
602,00420DB5,145,144,144,144,144,145,143,144,145,144,144,144,145,144,143,144,144,144,145,144,144,144,144,144,144,145,144,144,137,0,NA
603,004861C3,143,143,143,143,143,143,143,145,143,143,143,143,143,143,143,143,144,143,143,142,143,142,142,143,143,143,143,143,137,0,NA
604,0084EBA7,143,142,143,143,143,143,143,145,143,142,143,141,142,143,143,143,143,143,143,141,143,143,142,143,143,142,143,142,137,0,NA
605,008500A2,143,143,143,143,143,143,143,145,143,143,143,142,144,143,143,143,142,143,143,143,143,143,143,143,143,144,143,143,136,0,NA
606,0085AD12,142,143,143,142,143,143,142,143,143,143,143,143,144,141,141,143,142,143,143,143,143,142,143,143,142,143,143,142,137,0,NA
607,00861730,143,143,143,143,143,143,140,142,144,143,143,143,143,143,143,143,143,143,143,143,145,143,143,142,144,143,143,143,136,0,NA
608,00861811,143,143,144,143,141,143,143,143,141,143,143,143,142,143,143,142,143,143,144,143,143,143,143,143,143,143,142,143,136,0,NA
609,008597B5,3,3,3,3,3,3,3,3,3,3,2,3,3,3,3,3,3,3,3,3,3,3,3,2,2,3,3,3,3,0,NA
610,0085B371,0,0,0,0,0,0,0,0,0,0,0,0,0,0,0,0,0,0,0,0,0,0,0,0,0,0,0,0,0,0,NA
611,00486CEB,143,145,143,143,143,143,143,143,143,143,142,143,143,143,143,143,143,144,143,143,143,143,145,145,145,143,143,143,136,0,NA
612,0048A075,143,143,143,143,143,143,143,143,143,143,143,143,144,143,143,143,143,143,143,143,143,143,145,145,149,143,143,143,137,0,NA
613,0048D97F,1,1,1,1,1,1,1,1,1,1,1,1,1,1,1,1,1,1,1,1,1,1,1,1,1,1,1,1,1,0,NA
614,0049153A,143,144,144,143,143,143,143,143,143,143,143,143,143,143,143,143,143,144,143,143,143,143,143,145,143,143,143,143,137,0,NA
615,00488DB4,143,143,143,144,107,81,78,68,83,58,79,97,106,122,66,65,65,72,80,78,91,84,67,90,102,113,119,124,93,0,NA
616,00486286,142,143,142,143,135,133,138,122,105,50,96,99,75,81,83,57,139,137,138,134,130,112,90,134,131,130,113,123,128,0,NA
617,004891EC,135,139,140,141,140,141,140,141,141,140,139,136,139,139,141,127,130,102,132,135,117,104,87,127,125,107,18,33,52,0,NA
618,0048D71D,4,4,4,4,4,3,2,4,4,4,4,4,3,3,2,4,4,4,4,4,2,4,4,4,4,4,4,4,4,0,NA
619,0048737C,0,0,0,0,0,0,0,0,0,0,0,0,0,13,70,143,146,145,140,143,94,142,138,142,143,143,141,142,137,0,NA
620,00421864,0,0,0,0,0,0,0,2,0,0,0,0,0,0,0,0,0,0,51,0,0,0,0,0,0,0,0,0,24,0,NA
621,0048D366,1,1,0,1,1,1,1,1,1,1,1,1,1,1,1,1,1,1,1,1,1,1,1,1,1,1,1,1,1,0,NA
622,00420DDC,143,143,143,143,145,143,143,143,145,143,143,143,143,143,144,143,143,143,143,143,143,143,143,145,143,143,143,145,137,0,NA
623,00486457,143,143,143,143,145,143,143,143,145,143,143,143,143,143,144,143,143,143,143,143,143,143,143,145,143,143,143,145,137,0,NA
624,00488FC9,139,140,139,141,141,140,141,140,142,140,140,141,140,140,140,140,141,141,140,140,140,141,141,139,141,140,140,142,135,0,NA
625,00486236,144,143,144,144,143,144,144,146,145,144,144,143,144,144,144,143,144,143,144,144,143,144,144,144,143,144,144,144,139,0,NA
626,00420EA7,143,143,143,143,143,143,143,145,145,143,143,144,143,143,143,143,143,143,143,143,143,143,143,143,143,143,144,143,138,0,NA
627,00489611,143,143,143,143,143,143,143,143,143,144,143,143,143,143,143,143,143,143,143,143,143,143,143,143,144,143,143,143,138,0,NA
628,00486EF8,143,143,143,143,143,143,143,143,143,143,143,143,144,143,143,143,143,143,143,143,143,143,143,143,143,143,143,144,138,0,NA
629,004861BD,144,143,143,143,143,143,143,143,143,143,143,143,143,142,143,144,143,143,143,143,143,143,143,143,143,143,143,142,137,0,NA
630,00486F3C,0,0,0,0,0,0,0,0,4,143,142,143,143,143,143,143,143,143,143,143,144,143,142,143,143,143,143,143,137,0,NA
631,00487582,141,143,142,144,142,143,143,143,143,141,141,143,143,140,143,143,143,143,144,143,143,143,141,143,143,143,143,143,137,0,NA
632,00859378,143,143,143,142,143,142,143,144,142,143,141,143,143,140,143,143,143,142,143,143,143,143,143,143,143,142,143,143,136,0,NA
633,00864100,0,0,0,0,0,0,0,0,0,3,0,0,0,0,0,0,0,0,0,0,0,0,0,0,17,643,643,642,614,0,NA
634,00850053,144,144,144,143,144,144,144,143,144,144,145,143,144,144,144,143,144,144,143,144,144,144,143,144,144,143,144,144,137,0,NA
635,00487360,140,141,141,140,141,140,141,139,140,141,142,141,140,141,141,139,141,140,141,141,140,141,140,140,141,140,141,141,134,0,NA
636,0048D34E,4,4,4,4,3,4,4,4,4,4,4,4,4,4,4,4,4,4,4,4,4,4,4,4,4,4,4,4,4,0,NA
637,00488D8F,141,140,141,141,140,141,147,140,141,140,141,141,140,141,142,141,140,141,141,140,141,140,141,141,140,141,143,140,134,0,NA
638,0048D5AC,1,3,0,1,0,1,3,2,0,1,2,3,3,0,0,0,1,1,0,0,2,2,0,1,0,1,1,2,1,0,NA
639,00486289,142,137,115,130,123,123,133,132,126,112,113,113,119,124,136,134,124,120,119,114,131,126,133,80,130,120,119,129,133,0,NA
640,00486AE1,143,143,143,144,143,143,143,142,143,143,143,142,142,142,143,62,142,143,143,142,143,147,143,141,143,143,142,143,137,0,NA
641,00487BF4,139,143,142,139,143,142,142,143,142,141,143,143,143,143,143,58,143,143,143,143,143,145,143,143,143,143,143,144,136,0,NA
642,008599F8,143,143,143,143,143,143,143,142,143,143,143,143,143,143,143,143,143,137,143,142,143,145,143,143,141,134,144,142,136,0,NA
643,00420EB4,140,141,141,140,141,140,141,141,140,141,141,140,141,140,141,141,140,141,140,141,141,142,141,140,141,141,140,143,134,0,NA
644,00486AC2,143,143,143,143,143,143,143,143,143,143,143,143,143,144,143,144,143,144,143,143,143,143,143,143,143,143,143,143,137,0,NA
645,0048A2BB,143,144,143,143,143,143,143,143,143,143,143,143,143,143,143,145,143,143,143,143,144,143,143,143,143,143,143,143,137,0,NA
646,0084EC1E,2,3,3,2,3,3,3,2,4,3,2,3,3,3,3,3,3,3,3,3,3,3,3,3,3,3,3,3,3,0,NA
647,00861A8B,3,3,3,3,3,4,3,3,3,3,2,3,3,3,3,3,3,4,3,3,3,3,3,3,3,3,3,3,3,0,NA
648,00420EC6,143,142,143,143,143,144,143,143,143,143,143,143,143,143,145,143,141,143,143,143,143,143,143,143,144,143,143,143,136,0,NA
649,0048883F,143,143,143,143,143,143,143,144,143,143,143,143,143,143,143,143,143,143,143,143,143,143,144,143,143,143,143,143,136,0,NA
650,00863681,141,140,141,141,140,141,141,140,141,140,141,141,140,141,141,140,141,140,141,141,140,141,141,140,141,140,141,141,134,0,NA
651,0084C702,0,0,0,0,0,0,0,0,38,141,140,141,141,140,141,140,141,141,140,141,141,140,141,140,141,141,140,141,134,0,NA
652,0084FF1A,143,143,143,143,144,143,143,143,143,143,143,143,143,143,143,143,143,144,143,143,143,143,143,143,143,145,143,143,137,0,NA
653,0085A48F,143,143,143,143,143,143,143,143,143,143,143,143,143,143,144,143,143,143,143,143,143,143,143,143,143,143,143,143,137,0,NA
654,00861AB9,3,3,3,3,3,3,3,2,3,3,3,3,3,3,3,2,3,3,3,2,3,3,3,2,3,3,3,3,3,0,NA
655,0048CD03,1,1,1,1,1,0,1,1,1,1,1,1,2,1,1,1,1,1,1,1,1,1,1,1,1,1,1,1,1,0,NA
656,00487578,143,146,143,143,143,143,143,143,143,143,143,143,143,143,143,143,144,143,143,143,143,143,143,143,143,143,143,143,137,0,NA
657,0084ECBB,144,143,143,143,143,143,143,143,143,143,143,143,143,143,143,143,144,143,143,143,143,143,143,145,143,143,143,143,137,0,NA
658,0048611F,141,142,141,140,141,140,141,141,140,141,140,141,141,140,141,141,140,143,140,141,141,140,141,140,141,141,140,141,134,0,NA
659,0048626F,40,37,42,18,19,46,48,25,19,25,59,50,49,74,41,53,37,49,26,49,41,50,25,31,27,40,67,68,58,0,NA
660,004882D8,92,87,103,108,88,104,100,103,100,88,92,106,106,125,118,104,95,107,104,110,104,119,107,104,114,114,116,110,98,0,NA
661,00488B76,119,100,98,86,80,97,99,86,57,82,77,94,82,90,74,100,86,97,93,80,77,90,81,89,81,85,102,103,83,0,NA
662,00487E13,135,127,134,134,133,137,135,134,131,135,121,133,126,136,128,131,131,132,127,135,128,132,125,124,125,133,133,127,115,0,NA
663,004866A7,143,143,142,144,142,143,143,143,142,142,143,143,143,143,143,143,143,143,143,143,143,143,143,143,143,143,143,130,136,0,NA
664,0084FDD3,142,142,143,144,143,142,143,143,143,143,143,142,143,142,142,143,143,143,143,144,143,142,143,143,143,142,141,51,0,0,NA
665,0085B353,143,143,143,145,143,143,143,142,143,143,143,143,142,143,142,143,143,141,142,144,143,143,143,143,142,143,144,122,136,0,NA
666,0084EC25,2,3,3,3,3,3,3,3,3,3,3,3,3,3,3,3,3,3,3,3,3,3,3,3,3,2,3,3,3,0,NA
667,00862096,4,3,3,3,3,4,3,2,3,2,3,4,3,3,3,3,3,3,3,3,3,4,3,3,3,3,4,3,3,0,NA
668,00420DE2,141,141,140,141,140,141,141,140,141,140,141,141,140,141,141,140,141,140,93,0,0,0,57,141,140,141,141,114,135,0,NA
669,0085A6B0,2,3,3,3,4,3,3,3,3,3,3,3,3,3,3,3,3,3,3,3,1,3,3,3,3,3,3,2,3,0,NA
670,00861714,3,3,3,3,3,2,3,3,3,3,3,2,3,3,3,3,3,2,3,3,3,3,3,2,3,3,3,3,2,0,NA
671,004861CB,142,143,142,142,143,143,139,143,144,143,143,143,143,142,143,143,143,143,143,143,125,142,143,144,143,143,143,127,133,0,NA
672,00489C55,113,124,125,125,125,126,113,128,128,128,128,128,128,127,128,129,128,128,128,127,79,122,126,128,128,129,127,33,113,0,NA
673,00486234,137,137,135,140,135,136,143,139,132,137,140,142,121,0,0,80,139,141,142,143,142,143,141,141,143,143,142,138,136,0,NA
674,00451A00,4,4,4,4,4,4,3,4,4,4,4,4,4,4,4,4,4,4,4,4,4,4,4,4,4,4,4,4,4,0,NA
675,00486D48,140,141,141,140,141,141,140,141,140,141,141,140,129,0,0,97,141,140,141,141,140,141,141,140,141,140,141,141,134,0,NA
676,00420E73,143,143,144,144,144,144,144,144,140,142,144,143,142,143,144,139,143,142,142,144,144,141,143,144,143,143,144,144,137,0,NA
677,0048D0C1,1,1,1,1,1,1,1,1,1,1,1,1,1,1,1,1,1,1,1,1,1,0,1,1,1,1,1,1,1,0,NA
678,00420D1D,141,143,143,143,144,143,143,142,143,143,143,143,143,143,143,143,142,142,143,143,143,143,143,143,143,143,142,141,135,0,NA
679,00486F5F,143,143,143,143,144,143,143,143,143,143,143,143,143,143,143,142,142,143,143,143,143,143,143,143,143,143,142,143,137,0,NA
680,0085B151,140,137,132,133,140,138,132,134,131,130,134,132,131,132,131,136,133,132,133,133,138,132,136,136,137,133,140,140,134,0,NA
681,0048A2D2,127,129,116,138,91,134,66,130,140,138,131,141,143,141,128,125,135,140,140,143,141,141,140,141,132,142,111,143,135,0,NA
682,0048612C,143,142,143,143,142,143,142,143,145,142,143,143,142,143,143,142,143,142,143,143,142,143,143,142,143,144,143,143,136,0,NA
683,0045060F,4,4,4,4,4,4,4,4,4,4,4,4,4,4,4,4,4,4,4,4,4,4,4,4,4,4,4,4,4,0,NA
684,00451135,0,1,0,1,0,1,0,1,0,1,0,1,0,1,0,1,0,1,0,1,0,1,0,1,0,1,0,1,0,0,NA
685,00451922,0,0,0,0,0,0,0,0,0,0,1,0,0,0,0,0,0,0,0,0,0,0,0,0,0,0,0,0,1,0,NA
686,0048CA7F,0,1,1,1,1,1,0,0,0,1,1,1,1,0,1,1,1,1,1,1,1,1,1,1,1,1,1,1,1,0,NA
687,0048CB3D,0,1,0,1,0,1,0,1,0,1,0,1,0,1,0,1,0,1,0,1,0,1,0,1,0,1,0,1,0,0,NA
688,0048CB3E,142,140,142,142,142,142,140,140,143,142,143,143,145,143,144,143,144,142,142,140,143,142,143,142,141,141,142,142,137,0,NA
689,0048D368,2,4,3,4,4,4,3,2,3,1,1,4,3,4,4,4,3,4,4,4,4,4,3,4,4,4,4,4,4,0,NA
690,0048D59D,1,1,1,1,1,1,1,1,1,1,1,1,0,1,1,1,1,1,1,1,1,1,1,1,1,1,1,1,1,0,NA
691,0048D71B,0,0,0,0,0,0,0,0,0,0,0,0,0,0,0,0,1,0,1,1,1,1,1,1,1,1,0,1,0,0,NA
692,0048D71C,1,1,1,1,1,1,1,1,1,1,1,1,1,1,1,1,1,1,1,1,1,1,1,1,1,1,1,1,1,0,NA
693,0048D729,0,1,0,1,0,1,0,1,0,1,0,1,0,1,0,1,0,1,0,1,0,1,0,1,0,1,0,1,0,0,NA
694,0048D775,1,1,1,1,1,1,1,1,1,1,1,1,1,1,1,1,1,1,1,1,1,1,1,1,1,1,1,1,1,0,NA
695,0048DAFE,1,1,1,1,1,1,1,1,1,1,1,1,1,1,1,1,1,1,1,1,1,1,1,1,1,1,1,1,1,0,NA
696,028D92D4,144,145,145,145,145,143,144,143,145,142,144,144,142,142,137,141,143,140,139,138,138,128,139,142,140,134,135,137,134,0,NA
697,004505CE,4,4,4,3,4,4,4,4,2,4,2,1,4,1,4,3,4,4,4,3,4,4,4,3,4,4,5,3,2,0,NA
698,004511AF,4,3,3,4,2,4,4,4,4,4,4,5,4,4,4,4,4,4,4,4,4,4,4,4,4,4,4,4,2,0,NA
699,004511C9,2,2,2,2,2,2,2,2,2,2,2,2,1,2,2,2,2,2,2,2,2,2,2,2,2,2,2,2,2,0,NA
700,00451207,245,264,283,282,285,275,269,267,270,283,271,272,279,275,276,282,283,285,281,284,282,287,285,284,284,286,284,283,268,0,NA
701,0045198D,4,4,4,4,4,4,4,4,4,4,4,4,4,4,4,4,4,4,4,4,4,4,3,4,4,4,4,4,4,0,NA
702,0048C8AD,4,3,4,4,4,4,4,4,4,4,4,3,3,3,5,3,4,4,4,3,4,3,2,4,4,4,4,3,3,0,NA
703,0048C8EB,1,3,4,4,4,4,4,3,4,4,4,4,4,4,4,4,4,4,4,4,4,4,4,4,4,4,4,4,3,0,NA
704,0048CAB5,3,4,4,3,4,3,4,4,4,2,3,4,2,4,4,4,4,4,4,4,4,4,4,3,3,4,4,4,4,0,NA
705,0048D552,2,4,4,4,4,4,4,4,4,3,4,4,4,4,3,4,4,4,4,4,3,4,4,4,4,4,4,4,4,0,NA
706,0048D77D,3,4,4,4,4,4,1,3,2,4,3,4,3,3,4,4,4,4,4,4,4,4,4,4,4,4,4,4,3,0,NA
707,0048D78C,24,24,24,25,24,24,24,24,24,24,24,25,24,24,24,24,24,24,23,24,25,24,24,24,24,24,24,24,23,0,NA
708,00486EF9,2,4,4,4,4,4,4,4,4,4,4,4,4,4,4,4,4,4,4,4,4,4,4,4,4,4,4,4,4,0,NA
709,0048C8FB,24,24,25,23,24,24,24,24,24,24,24,23,24,24,24,24,24,24,24,24,24,24,23,24,24,24,24,24,23,0,NA
710,0048CD36,24,24,25,24,24,24,24,24,24,24,24,24,24,25,24,24,24,24,24,24,24,24,24,25,24,24,24,24,23,0,NA
711,0048D745,22,17,20,21,19,18,19,18,20,18,24,24,20,18,22,22,19,18,13,13,17,11,12,20,14,18,13,17,15,0,NA
712,0048C8E2,1,1,1,1,1,1,1,1,1,1,1,1,1,1,1,1,1,1,1,1,1,1,1,1,1,1,1,1,1,0,NA
713,0048C8FD,1,1,1,1,1,1,1,1,1,1,1,1,1,1,1,1,1,1,1,1,1,1,1,1,1,1,1,1,1,0,NA
714,00420753,24,23,23,24,23,20,22,23,23,21,24,24,22,24,24,24,24,24,24,24,24,24,24,25,24,24,24,24,22,0,NA
715,00450493,18,23,21,18,23,22,21,18,20,20,24,22,19,20,22,24,19,19,17,20,22,24,23,22,23,24,23,22,19,0,NA
716,004504F0,24,24,24,24,24,24,24,24,24,24,24,24,24,23,24,24,24,24,24,24,24,24,24,24,24,24,24,24,22,0,NA
717,004504FB,18,23,22,23,22,22,22,23,23,22,23,19,24,23,24,24,23,24,23,24,24,23,24,24,24,22,22,24,21,0,NA
718,0045050A,24,24,24,24,24,24,24,24,24,24,24,24,24,24,24,24,24,24,24,24,24,24,24,24,24,24,24,24,22,0,NA
719,00450563,24,24,24,24,24,24,24,24,24,24,24,24,24,24,23,24,24,24,24,24,24,24,24,24,24,24,24,24,23,0,NA
720,00450588,23,23,24,24,19,22,24,24,24,24,24,24,24,24,24,24,24,24,24,24,24,24,24,23,24,24,24,24,23,0,NA
721,0045059F,19,24,24,24,23,24,24,24,24,24,23,24,23,23,24,24,24,24,24,24,24,24,24,24,23,23,24,24,22,0,NA
722,004505B0,24,24,24,24,24,24,24,24,24,24,24,24,24,24,24,24,24,24,24,24,24,24,24,24,24,24,24,24,23,0,NA
723,00450608,23,22,24,24,22,23,24,23,23,23,23,23,24,24,24,24,24,24,25,24,23,24,24,24,24,24,24,22,23,0,NA
724,00450610,24,24,24,24,24,24,24,24,24,24,24,24,24,25,24,24,24,24,24,24,24,24,24,24,24,24,24,24,23,0,NA
725,0045061B,24,24,24,24,24,24,23,24,24,24,24,25,24,24,24,24,24,24,24,23,24,24,22,22,17,14,24,24,23,0,NA
726,0045061C,24,24,24,24,24,24,24,23,24,24,24,24,24,24,24,24,24,24,24,24,24,24,24,24,24,24,24,24,23,0,NA
727,00451064,24,24,24,24,24,24,24,24,24,24,24,24,25,23,24,24,24,24,24,24,24,24,24,24,23,25,24,24,23,0,NA
728,004510DC,16,20,12,11,14,13,6,9,10,9,10,11,8,13,11,11,9,9,10,12,19,15,17,19,20,23,23,24,23,0,NA
729,004510DE,4,4,4,4,3,4,4,4,2,4,4,4,3,3,2,4,4,4,4,4,4,4,4,4,4,4,4,4,4,0,NA
730,00451144,24,24,24,24,24,24,24,24,24,24,24,24,24,24,24,24,24,24,24,24,24,24,24,24,24,24,24,24,23,0,NA
731,00451149,24,24,24,24,24,24,24,24,23,24,24,24,24,24,24,24,24,24,24,24,24,24,24,23,24,23,23,24,23,0,NA
732,00451154,18,21,24,24,24,24,24,24,24,24,24,24,24,24,24,25,24,24,24,24,24,24,24,24,24,24,24,24,23,0,NA
733,00451159,25,24,24,24,24,24,24,24,24,25,24,24,24,24,24,24,24,25,24,24,24,24,24,24,24,24,25,24,23,0,NA
734,0045115B,24,24,24,24,24,24,24,24,24,24,24,24,24,24,24,24,24,24,24,24,24,24,24,24,24,24,24,24,23,0,NA
735,0045119F,5,3,6,12,7,7,8,5,8,5,10,8,9,9,9,6,4,8,4,6,4,6,5,3,8,3,6,5,3,0,NA
736,004511B4,24,24,24,24,24,24,24,24,24,24,24,24,24,24,24,24,24,24,24,24,24,24,24,24,24,24,24,23,23,0,NA
737,004511B8,22,22,24,23,24,23,22,22,24,22,23,24,23,24,24,23,24,24,24,23,24,24,23,24,21,23,22,21,21,0,NA
738,004511BF,24,24,24,24,24,24,24,24,24,24,24,24,24,25,24,24,24,24,24,24,24,24,24,24,24,24,24,24,23,0,NA
739,004511D1,23,24,24,24,23,24,24,23,24,24,23,24,24,24,24,24,24,24,23,24,24,24,24,24,24,24,24,24,23,0,NA
740,004511E1,23,21,20,24,23,23,23,23,23,23,22,24,23,24,23,25,24,24,21,24,24,24,22,24,24,24,24,24,23,0,NA
741,0045122D,23,21,22,24,23,23,24,24,23,24,24,22,21,21,23,23,23,23,23,22,23,23,24,24,22,23,24,23,23,0,NA
742,00451231,13,17,20,20,21,19,11,13,19,19,16,17,17,20,22,23,22,22,22,22,16,24,21,24,22,24,24,18,20,0,NA
743,00451294,5,14,10,5,14,15,17,8,13,10,8,10,11,12,14,16,23,24,17,16,22,23,22,20,20,22,22,20,22,0,NA
744,00451295,24,24,24,24,24,25,24,24,24,24,24,25,24,24,24,24,24,25,24,24,24,24,24,25,24,24,24,24,23,0,NA
745,004518A9,24,24,24,24,24,24,24,23,24,24,24,24,24,24,24,24,24,24,24,24,24,24,24,24,24,24,24,24,23,0,NA
746,004518E5,24,24,24,24,24,24,24,24,24,24,24,24,24,24,23,24,24,24,24,24,24,24,24,24,24,24,24,24,23,0,NA
747,00451913,23,24,23,24,24,24,24,24,24,23,23,24,24,24,23,24,24,24,24,24,24,24,24,24,24,23,24,24,23,0,NA
748,0045192E,4,4,4,4,4,4,4,4,4,4,4,4,4,4,4,4,4,4,4,4,3,4,4,4,4,4,4,4,4,0,NA
749,00451932,24,24,24,24,24,24,25,24,24,24,24,24,24,24,24,24,24,24,24,24,24,24,24,24,24,24,24,24,23,0,NA
750,0045194D,24,24,24,24,24,24,24,24,25,24,24,24,24,24,24,24,24,24,25,24,24,24,23,24,24,24,24,24,24,0,NA
751,00451977,20,24,25,23,24,24,24,24,24,21,24,24,24,24,23,24,24,22,24,24,25,24,23,24,24,24,24,24,23,0,NA
752,0045197A,24,24,25,24,24,24,24,24,24,24,25,24,24,24,24,24,24,24,25,24,24,24,24,24,24,25,24,24,23,0,NA
753,00451988,24,24,25,24,24,24,24,24,25,24,24,24,24,24,25,24,24,24,24,24,25,24,24,24,24,25,24,24,23,0,NA
754,0045198B,25,24,24,24,24,24,24,24,24,24,24,24,24,25,24,24,24,24,24,24,24,24,24,24,24,25,24,24,23,0,NA
755,00451996,24,24,24,24,24,24,24,24,25,24,24,24,24,24,24,24,24,24,24,24,24,25,24,24,24,24,24,24,23,0,NA
756,0045199A,24,24,24,24,23,24,24,24,24,24,24,24,24,24,24,24,23,24,24,23,24,24,24,24,24,24,23,24,23,0,NA
757,004519E0,25,23,24,24,24,23,24,23,23,24,23,24,20,23,20,24,24,24,24,24,24,24,24,24,23,24,24,23,23,0,NA
758,004519F0,10,7,7,10,8,6,11,8,9,7,6,13,10,6,4,9,11,13,16,20,18,15,16,14,19,22,22,18,17,0,NA
759,004519F2,23,24,24,23,24,24,24,24,24,25,24,24,24,24,24,24,24,24,24,24,24,24,24,25,24,24,23,24,23,0,NA
760,004519F3,24,24,24,24,24,24,24,23,24,24,24,24,24,24,24,24,24,24,24,24,24,24,24,23,24,24,24,24,23,0,NA
761,004519FF,22,23,24,24,24,24,24,24,23,24,24,24,24,23,24,24,24,24,24,24,24,24,24,24,24,23,24,24,23,0,NA
762,00451A02,24,24,24,24,24,24,24,25,24,24,24,24,24,24,24,24,24,24,24,24,24,24,24,24,24,24,24,25,23,0,NA
763,00451A31,4,4,4,4,4,4,4,3,3,3,2,3,3,4,4,4,4,4,4,4,4,4,4,4,4,4,4,3,2,0,NA
764,00451A48,24,23,24,24,24,24,24,24,24,24,24,24,24,24,24,24,24,24,24,24,24,24,24,24,23,24,24,24,23,0,NA
765,00451A4A,12,18,22,22,18,17,22,20,21,21,23,21,19,21,21,24,24,24,24,23,24,24,23,18,23,20,24,24,23,0,NA
766,00451A57,24,21,23,22,23,23,24,25,24,24,24,24,24,24,24,24,24,24,21,25,24,24,23,23,24,23,22,24,23,0,NA
767,00451A6A,24,24,24,24,24,24,23,24,24,24,24,24,24,24,24,24,24,23,24,24,24,24,24,23,24,24,24,24,22,0,NA
768,00451AD0,24,25,24,24,24,24,24,24,25,24,24,24,24,24,24,25,24,24,24,24,24,25,24,24,21,24,23,24,23,0,NA
769,0048C6AA,24,24,24,24,24,24,24,24,24,24,24,24,24,24,24,24,24,24,24,24,24,24,24,24,24,24,24,24,23,0,NA
770,0048C6AB,15,8,5,12,4,7,9,7,10,12,12,16,16,21,14,16,17,19,17,17,22,9,14,12,14,14,19,18,16,0,NA
771,0048C6B1,3,4,4,4,3,4,4,3,4,3,3,3,3,3,4,4,4,4,4,4,4,4,4,4,4,4,3,4,4,0,NA
772,0048C6C9,5,6,6,6,0,2,4,6,7,4,5,6,8,6,5,13,10,12,10,9,9,9,8,8,4,3,7,1,7,0,NA
773,0048C6ED,25,24,24,24,24,24,24,23,24,24,24,24,24,24,24,23,23,23,25,23,24,24,24,24,24,24,24,23,23,0,NA
774,0048C868,24,24,24,24,24,24,24,24,24,24,24,24,24,24,24,24,24,24,24,25,24,24,24,24,24,24,24,24,22,0,NA
775,0048C891,20,19,23,23,22,20,21,22,21,24,24,24,23,23,24,24,24,23,24,24,24,24,24,24,24,23,24,24,23,0,NA
776,0048C892,23,23,24,23,23,23,24,23,24,24,24,24,24,24,24,24,24,24,23,24,24,24,24,23,23,24,23,24,23,0,NA
777,0048C893,24,24,24,24,24,24,24,25,24,24,23,23,24,24,24,24,24,25,24,24,24,24,24,24,24,24,24,24,23,0,NA
778,0048C895,24,24,24,24,24,24,24,24,24,24,24,24,24,24,24,24,24,24,24,24,24,24,24,24,24,24,24,24,23,0,NA
779,0048C89A,24,24,24,24,24,24,24,24,24,24,24,25,24,24,24,24,24,24,24,24,24,24,23,23,24,24,23,24,23,0,NA
780,0048C89B,24,24,24,24,23,24,24,24,24,24,24,24,24,24,24,24,24,24,24,24,24,24,24,24,23,24,24,24,23,0,NA
781,0048C89F,24,24,24,24,24,24,24,24,24,24,24,24,24,23,24,24,24,24,24,24,24,24,24,24,24,24,24,24,23,0,NA
782,0048C8A0,22,24,23,24,23,24,24,24,23,24,23,24,24,24,24,24,24,24,24,24,24,24,24,22,24,24,23,24,23,0,NA
783,0048C8A2,25,24,24,24,24,24,24,24,24,24,24,24,24,24,25,24,24,24,24,24,24,24,24,24,24,24,24,24,23,0,NA
784,0048C8AC,24,25,24,24,24,24,24,24,24,25,24,23,24,24,24,24,25,24,23,24,24,24,24,24,25,24,24,24,23,0,NA
785,0048C8AE,22,22,24,20,19,17,19,18,17,16,23,21,18,18,20,21,22,21,22,21,20,21,21,24,23,24,23,24,22,0,NA
786,0048C8BE,24,24,24,25,24,24,24,24,24,24,24,24,24,24,24,24,24,24,24,24,24,24,24,24,23,24,24,25,23,0,NA
787,0048C8C3,16,25,23,24,24,22,23,23,23,23,22,20,21,21,20,18,16,18,21,20,21,22,24,24,24,23,24,23,22,0,NA
788,0048C8CE,24,23,24,24,24,24,24,24,24,24,24,25,24,23,24,24,24,23,23,24,24,24,24,24,23,24,24,24,23,0,NA
789,0048C8D1,3,4,4,4,4,4,4,4,4,4,5,4,4,4,4,4,4,4,4,4,4,4,4,4,4,4,4,4,4,0,NA
790,0048C8D9,24,24,24,24,24,24,24,24,24,25,24,24,24,24,24,24,24,24,24,24,24,25,24,24,24,24,24,24,23,0,NA
791,0048C8DC,24,24,24,24,24,25,24,24,24,24,24,24,24,25,24,24,24,24,24,24,24,25,24,24,24,24,23,24,23,0,NA
792,0048C8DD,24,24,24,24,24,24,24,24,24,24,24,24,24,25,24,24,24,24,24,24,24,24,23,24,24,24,25,24,23,0,NA
793,0048C8DF,0,0,0,0,4,24,24,24,24,25,24,24,24,24,24,24,24,25,24,24,24,24,24,24,24,25,24,24,23,0,NA
794,0048C8E6,24,24,24,24,24,24,24,24,24,24,24,24,24,24,24,24,24,24,24,24,24,24,24,24,24,24,24,24,23,0,NA
795,0048C8E9,24,24,24,24,23,24,24,24,24,24,24,24,24,25,24,24,24,24,24,24,24,24,25,24,24,24,24,24,23,0,NA
796,0048C8EC,24,24,24,24,24,24,24,24,24,24,24,24,24,24,24,24,24,24,24,24,24,23,24,24,24,24,24,24,23,0,NA
797,0048C8F0,0,0,0,0,0,0,0,0,0,0,0,0,0,0,0,0,0,0,0,0,0,0,0,0,0,0,0,0,0,0,NA
798,0048C8FF,24,24,24,24,24,24,24,24,24,24,24,24,24,24,24,24,24,24,24,24,25,24,24,24,24,24,24,24,23,0,NA
799,0048C901,24,24,24,24,24,24,24,24,24,24,24,24,25,24,24,24,24,24,24,24,24,24,24,24,24,24,24,24,23,0,NA
800,0048C902,24,24,24,24,24,24,24,24,24,24,24,24,24,24,24,24,23,24,24,24,24,24,24,24,24,24,24,24,23,0,NA
801,0048C90D,23,22,15,19,13,20,19,17,24,24,23,21,22,22,24,22,16,21,22,22,22,22,23,19,22,19,18,23,19,0,NA
802,0048C90E,24,24,25,24,24,24,24,24,24,24,24,24,24,24,24,25,24,24,24,24,24,24,24,24,24,24,24,23,23,0,NA
803,0048C911,24,24,24,24,24,24,24,24,24,24,24,24,24,24,24,24,24,24,24,24,24,24,24,24,24,24,24,24,23,0,NA
804,0048C915,11,20,22,21,22,22,23,18,22,24,23,21,18,23,24,22,22,23,21,23,20,23,20,14,21,19,18,22,17,0,NA
805,0048C930,24,24,24,24,24,24,24,24,24,24,24,24,24,23,24,24,24,24,24,24,24,24,24,24,24,24,24,24,23,0,NA
806,0048C933,22,24,22,20,21,18,20,15,18,15,20,21,19,20,19,22,20,21,21,21,21,24,23,23,22,23,24,23,23,0,NA
807,0048C935,24,24,24,24,24,24,24,24,24,24,24,24,24,24,24,24,25,24,22,24,24,24,24,24,24,24,24,24,23,0,NA
808,0048C936,24,24,24,24,25,24,24,24,24,24,25,24,24,24,24,24,25,24,24,24,24,24,24,25,24,24,24,24,23,0,NA
809,0048C938,21,24,24,23,24,24,23,24,23,24,23,23,23,23,24,24,24,24,22,24,24,24,24,24,24,23,24,24,22,0,NA
810,0048CA87,24,24,24,24,24,24,24,24,24,24,24,24,24,24,24,24,24,24,24,24,24,24,24,24,24,24,24,24,23,0,NA
811,0048CAAF,24,25,24,24,24,24,24,25,24,24,24,24,24,25,24,24,24,24,24,25,24,24,24,24,24,25,24,24,22,0,NA
812,0048CAB1,24,24,25,24,24,24,24,24,24,24,24,25,24,24,24,23,24,24,24,25,24,24,24,24,24,23,24,24,22,0,NA
813,0048CAB2,24,24,25,24,24,24,24,24,24,24,25,24,24,24,24,24,24,24,25,24,24,24,23,24,24,24,25,24,23,0,NA
814,0048CAB3,24,24,24,24,24,24,24,24,24,24,24,24,24,24,24,23,24,23,24,24,24,24,24,24,24,24,24,24,23,0,NA
815,0048CAC5,24,24,24,24,24,24,24,24,24,24,24,24,24,24,24,24,24,24,24,24,24,24,24,24,24,24,24,24,23,0,NA
816,0048CAC6,24,24,25,24,24,24,24,24,24,24,25,24,24,24,24,24,24,24,24,25,24,24,24,24,24,24,24,25,23,0,NA
817,0048CACA,20,23,18,22,20,22,21,24,24,24,20,24,25,24,23,24,23,24,25,23,24,23,21,24,25,23,22,22,23,0,NA
818,0048CACD,4,4,4,4,3,4,2,4,4,4,4,4,4,4,4,4,4,4,4,4,4,4,4,4,4,4,4,2,4,0,NA
819,0048CACE,23,24,22,24,23,24,23,21,24,24,21,24,24,24,24,24,24,24,24,23,24,24,24,24,24,24,24,24,23,0,NA
820,0048CACF,24,22,24,24,24,23,23,21,23,23,23,24,24,24,24,24,24,24,24,24,23,24,24,23,24,23,24,24,23,0,NA
821,0048CAD8,24,25,24,24,24,24,24,24,25,24,24,24,24,24,25,24,24,24,24,24,25,24,24,24,24,24,25,23,23,0,NA
822,0048CAE1,14,17,10,4,12,8,3,12,9,20,11,15,14,16,19,19,17,20,21,19,18,16,9,12,17,16,16,20,17,0,NA
823,0048CAE6,1,3,4,4,4,4,4,4,4,4,4,3,3,4,4,4,4,4,4,3,3,3,2,4,4,4,4,4,4,0,NA
824,0048CAE8,24,24,24,24,24,24,24,24,24,24,23,24,24,24,24,24,24,24,24,24,24,24,24,24,24,24,24,23,23,0,NA
825,0048CAEE,24,24,24,24,25,24,24,24,24,24,24,24,25,24,24,24,24,24,24,25,24,24,24,24,24,24,25,24,23,0,NA
826,0048CAF1,19,24,24,24,24,24,24,24,24,24,24,24,23,24,24,24,24,24,24,24,24,24,24,24,24,24,24,24,23,0,NA
827,0048CAF9,24,24,24,24,24,24,24,24,25,24,24,24,24,24,24,24,24,23,25,24,24,24,24,24,24,24,24,24,22,0,NA
828,0048CAFA,24,24,24,24,24,24,24,25,24,24,24,24,24,24,24,24,24,24,24,24,24,24,24,24,24,24,24,24,23,0,NA
829,0048CAFC,24,24,24,24,24,24,24,24,24,24,24,24,24,24,24,23,24,24,24,24,24,24,24,24,24,24,24,24,22,0,NA
830,0048CB05,23,22,22,24,24,25,24,24,24,24,24,24,22,24,23,24,24,23,24,24,24,24,25,24,24,24,24,24,23,0,NA
831,0048CB0E,24,25,24,24,24,24,24,24,24,24,25,24,24,24,24,24,24,24,24,24,25,24,24,24,24,24,24,24,23,0,NA
832,0048CB11,24,24,24,24,24,24,24,24,24,25,24,24,24,24,24,24,24,24,24,25,24,24,24,24,21,24,24,24,23,0,NA
833,0048CB16,2,21,23,23,24,23,24,24,24,24,24,24,24,23,24,24,24,24,24,24,24,24,16,22,24,24,19,23,23,0,NA
834,0048CB1A,8,19,21,24,24,23,24,22,23,23,23,23,23,24,23,24,23,23,22,24,24,23,23,22,23,23,24,24,23,0,NA
835,0048CB1B,23,23,24,24,24,24,24,24,24,24,24,24,24,23,24,23,24,24,24,24,24,24,24,24,24,24,24,24,23,0,NA
836,0048CB1F,24,24,24,24,24,24,24,24,25,24,24,24,24,24,24,24,24,24,24,24,24,25,24,24,24,24,24,24,23,0,NA
837,0048CB28,24,24,24,24,24,24,24,23,24,24,24,24,24,24,24,23,24,24,24,24,24,24,23,24,24,24,24,24,23,0,NA
838,0048CB32,24,24,24,24,24,24,24,24,24,24,24,23,24,23,24,24,24,24,24,24,24,24,24,24,24,24,24,24,23,0,NA
839,0048CB33,22,23,24,24,24,23,24,23,24,24,24,24,24,24,24,24,23,24,24,24,24,24,24,24,23,24,24,24,23,0,NA
840,0048CB34,24,18,23,23,22,24,24,21,22,24,24,24,21,22,20,24,23,23,23,23,24,23,24,20,21,19,23,15,19,0,NA
841,0048CB3A,16,17,21,13,11,6,15,16,18,17,15,21,17,12,15,10,19,17,21,22,22,19,19,17,20,17,18,19,15,0,NA
842,0048CB43,24,24,24,24,24,24,24,24,24,24,24,24,24,24,24,24,24,25,23,24,24,24,24,24,24,24,24,24,23,0,NA
843,0048CB45,21,22,24,22,21,22,24,22,24,23,24,24,24,24,24,24,23,24,24,23,24,24,24,24,24,24,24,24,21,0,NA
844,0048CB46,24,18,24,24,21,18,24,24,24,24,24,24,25,24,24,24,24,24,23,24,25,23,24,24,24,23,24,23,22,0,NA
845,0048CB4F,22,23,23,20,24,24,17,22,22,24,21,22,23,21,22,18,21,22,23,22,23,23,23,23,22,23,23,22,19,0,NA
846,0048CCB2,22,24,21,23,24,20,21,21,24,22,24,23,24,24,23,23,23,19,21,24,23,24,24,22,24,24,24,24,22,0,NA
847,0048CCB5,24,24,24,23,24,25,24,24,24,23,24,23,24,24,25,24,24,24,24,24,24,24,25,24,24,24,24,24,23,0,NA
848,0048CCD3,24,24,24,24,24,25,24,24,24,24,24,25,24,24,24,24,24,23,25,23,24,24,24,24,25,24,24,24,23,0,NA
849,0048CCD6,0,1,1,0,1,0,0,0,1,0,0,0,0,1,0,2,0,0,0,0,0,0,1,0,0,0,0,0,0,0,NA
850,0048CCDC,24,24,25,24,24,24,24,24,24,24,24,24,24,24,24,24,24,24,25,24,24,24,24,24,24,24,24,24,23,0,NA
851,0048CCF5,24,24,24,24,24,24,24,24,23,24,24,24,24,24,24,24,24,24,24,24,24,24,24,24,24,24,24,24,23,0,NA
852,0048CCFD,24,24,24,24,24,24,24,24,24,24,24,24,24,24,24,24,24,24,24,24,24,24,24,24,24,24,24,24,23,0,NA
853,0048CCFF,24,24,24,24,24,24,24,24,24,24,24,24,23,24,24,24,24,24,24,24,24,24,24,24,24,24,24,24,22,0,NA
854,0048CD00,22,21,23,22,22,23,20,22,22,24,23,24,23,24,22,22,23,23,22,24,24,23,24,24,24,24,23,24,22,0,NA
855,0048CD05,24,24,24,24,24,24,25,24,24,24,24,24,24,24,24,24,24,24,24,24,24,23,24,24,24,24,24,24,23,0,NA
856,0048CD21,24,24,24,24,24,24,24,24,24,24,24,23,24,24,24,23,25,24,24,24,24,24,24,24,24,24,24,24,23,0,NA
857,0048D36A,24,24,24,24,25,24,24,24,24,24,25,24,24,24,24,24,25,24,24,24,24,24,25,24,24,24,24,24,23,0,NA
858,0048D36B,24,24,25,24,24,24,24,24,24,24,24,25,24,24,24,24,23,24,24,24,25,24,24,24,24,24,24,23,22,0,NA
859,0048D387,23,23,24,24,24,24,24,24,24,24,24,24,23,24,24,24,24,24,24,24,24,24,24,24,24,24,24,24,23,0,NA
860,0048D3A1,24,24,24,24,24,24,24,24,24,24,23,24,23,22,24,24,24,24,24,24,24,24,24,24,24,24,24,24,23,0,NA
861,0048D507,22,17,22,24,22,24,24,24,24,24,23,24,23,24,24,24,24,20,21,24,23,23,24,23,22,24,23,23,22,0,NA
862,0048D530,19,20,20,21,19,22,21,17,18,16,18,18,18,22,21,22,24,23,22,19,22,21,21,21,20,23,22,23,23,0,NA
863,0048D539,24,24,23,24,24,24,24,24,24,24,25,24,24,24,24,24,24,24,24,24,24,24,201,24,24,24,255,62,8,0,NA
864,0048D53C,24,24,24,24,24,24,24,24,24,24,24,24,23,24,24,24,24,24,24,24,24,24,24,24,24,24,24,24,23,0,NA
865,0048D53E,24,24,24,24,24,24,24,24,24,24,24,24,22,24,24,24,24,24,25,24,24,24,23,23,18,24,24,24,23,0,NA
866,0048D540,20,19,24,23,23,21,24,21,21,23,22,23,24,22,22,24,23,24,24,24,24,24,23,24,23,24,24,23,21,0,NA
867,0048D541,24,24,24,24,24,24,25,24,24,24,24,24,24,24,24,24,24,24,24,24,24,23,24,24,24,24,24,24,23,0,NA
868,0048D543,24,24,24,24,24,24,24,24,24,24,24,24,24,24,24,24,24,24,24,24,24,24,24,24,24,24,24,24,23,0,NA
869,0048D547,8,19,17,13,23,24,23,22,21,23,24,23,24,23,21,24,23,22,24,24,24,24,24,24,24,24,24,24,23,0,NA
870,0048D548,23,23,24,24,24,24,23,24,24,24,24,24,24,23,24,24,24,24,24,24,24,24,24,24,24,24,24,24,23,0,NA
871,0048D54A,24,24,24,24,24,24,24,25,24,24,24,24,24,24,24,24,24,24,23,24,24,24,24,24,24,25,24,24,23,0,NA
872,0048D54D,24,24,25,24,24,24,24,24,24,24,25,24,24,24,24,23,24,24,25,24,24,24,24,24,24,25,24,24,23,0,NA
873,0048D550,24,24,24,24,24,24,24,24,23,24,24,24,24,24,24,24,24,24,24,24,23,24,24,24,24,24,24,24,23,0,NA
874,0048D556,24,24,24,24,24,24,24,24,24,24,24,24,24,24,24,24,24,24,24,24,24,24,24,24,24,24,24,24,23,0,NA
875,0048D558,24,23,24,25,24,23,24,24,24,24,24,24,24,24,24,24,23,23,24,24,24,24,24,25,22,24,23,24,23,0,NA
876,0048D562,24,24,25,24,23,24,24,22,24,24,24,24,24,24,24,24,24,24,25,24,24,24,24,24,24,24,24,24,23,0,NA
877,0048D56E,24,24,24,24,23,24,24,23,24,24,24,24,24,24,24,24,24,24,24,24,24,24,24,24,24,24,24,24,23,0,NA
878,0048D571,25,24,24,24,24,23,24,24,25,24,24,23,24,24,24,24,24,25,24,24,24,24,24,24,24,24,25,24,23,0,NA
879,0048D57A,24,24,23,24,24,24,24,24,24,24,23,24,24,24,24,24,24,24,24,24,24,24,24,24,23,24,24,24,23,0,NA
880,0048D57B,24,24,24,24,24,24,23,24,24,24,24,24,24,24,24,24,24,23,24,24,24,24,24,24,24,24,24,24,22,0,NA
881,0048D580,22,22,22,23,20,19,13,16,19,21,22,22,19,19,24,16,22,21,23,23,24,23,21,22,22,24,23,24,23,0,NA
882,0048D587,24,24,24,24,24,24,25,24,24,24,24,24,24,24,25,24,24,24,24,24,24,24,25,24,24,24,24,24,23,0,NA
883,0048D589,24,24,24,24,25,21,24,24,24,24,24,25,24,24,24,24,24,25,24,24,24,24,24,24,25,24,24,24,23,0,NA
884,0048D58A,24,24,24,24,25,24,24,24,23,24,24,25,23,23,24,23,24,24,24,25,24,24,24,24,24,24,25,24,23,0,NA
885,0048D58B,24,24,24,24,23,24,23,24,24,24,24,24,24,24,24,24,24,24,23,24,24,24,24,24,24,24,24,24,21,0,NA
886,0048D58E,24,24,24,24,24,24,24,24,24,24,24,24,24,24,24,24,24,23,24,24,24,24,24,24,24,24,24,24,23,0,NA
887,0048D58F,23,24,24,24,24,25,24,24,24,24,24,24,24,23,24,24,24,24,24,24,24,24,24,24,24,24,24,24,23,0,NA
888,0048D597,24,24,24,24,24,24,23,24,24,24,24,24,24,24,24,25,24,24,24,24,24,24,24,24,23,24,24,24,23,0,NA
889,0048D59A,24,24,24,24,24,24,25,24,24,24,24,24,24,24,24,24,24,24,24,24,24,24,24,24,25,24,24,24,23,0,NA
890,0048D59B,24,24,24,24,24,24,25,24,24,24,24,24,24,24,24,24,24,24,25,24,24,24,24,24,21,24,24,24,23,0,NA
891,0048D59C,16,16,15,16,14,21,22,23,16,16,14,20,20,12,16,19,15,19,13,23,24,22,21,14,17,22,21,24,17,0,NA
892,0048D59E,19,20,21,15,21,22,24,23,22,21,23,22,22,15,19,20,18,22,23,20,23,21,24,25,23,22,22,24,23,0,NA
893,0048D5AB,23,24,24,24,25,24,23,24,24,24,24,23,23,23,24,24,24,23,24,23,24,24,24,24,25,24,24,24,23,0,NA
894,0048D5AE,24,24,24,24,24,24,24,24,24,24,24,24,24,24,24,24,24,24,24,24,24,24,24,23,24,24,24,24,23,0,NA
895,0048D5AF,24,24,24,24,24,24,24,24,24,24,24,24,24,24,24,24,24,24,24,24,24,24,24,24,24,24,24,24,23,0,NA
896,0048D5BE,24,23,22,22,18,24,15,21,18,19,21,24,24,24,20,24,24,23,19,24,23,24,24,24,24,25,24,24,23,0,NA
897,0048D5C2,4,4,4,4,4,4,4,4,4,4,4,4,4,4,4,4,4,4,4,4,4,4,4,4,4,4,4,4,4,0,NA
898,0048D5D3,24,24,24,24,24,22,24,24,24,24,23,24,23,24,24,24,24,24,24,24,24,24,24,24,24,24,24,24,22,0,NA
899,0048D5D6,24,24,24,24,24,25,24,24,24,24,24,24,24,24,24,24,24,24,24,24,24,24,24,24,24,24,24,24,23,0,NA
900,0048D709,24,23,24,24,24,24,24,24,24,24,24,24,24,24,24,24,24,24,24,24,24,24,24,24,24,24,24,25,22,0,NA
901,0048D725,24,24,24,24,24,24,24,24,24,24,24,24,24,24,24,24,24,24,24,24,24,24,24,24,24,24,24,24,23,0,NA
902,0048D742,24,23,24,24,24,24,24,24,24,24,24,24,23,24,24,24,24,24,24,24,24,24,24,24,23,24,24,24,23,0,NA
903,0048D74D,19,23,24,23,23,24,22,24,23,23,21,24,19,22,25,24,24,24,24,24,24,25,24,24,24,24,24,24,24,0,NA
904,0048D772,4,4,4,4,4,3,4,4,4,4,4,4,4,4,4,4,4,5,4,4,4,4,4,4,4,3,4,4,4,0,NA
905,0048D779,16,18,9,15,21,17,11,8,15,8,16,18,12,12,16,16,23,17,20,19,13,16,22,20,20,23,22,22,21,0,NA
906,0048D77A,24,24,24,24,24,24,24,24,24,24,24,24,24,24,23,24,24,24,24,24,24,24,24,24,23,24,24,24,23,0,NA
907,0048D786,24,24,24,24,24,24,24,24,24,23,24,24,24,24,23,24,24,24,24,24,23,24,24,24,24,24,24,24,23,0,NA
908,0048D78A,23,24,24,24,24,23,24,24,24,24,24,24,24,24,24,24,24,24,23,24,24,24,24,24,24,24,24,24,23,0,NA
909,0048D795,24,13,17,23,21,17,16,18,18,18,14,17,20,18,10,12,8,17,13,14,18,16,23,21,22,13,17,13,12,0,NA
910,0048D796,24,24,24,24,24,24,24,24,24,24,24,24,24,24,24,24,24,21,24,24,24,24,24,24,24,24,24,24,23,0,NA
911,0048D798,3,4,4,3,4,4,4,4,4,4,3,4,4,4,4,4,4,4,4,4,4,4,4,4,4,4,4,4,4,0,NA
912,0048D79A,24,25,24,24,23,24,22,24,25,24,24,24,24,24,25,24,24,24,24,24,24,25,24,24,24,24,24,24,24,0,NA
913,0048D79B,24,24,23,21,22,22,21,24,20,22,22,24,24,22,22,19,21,22,24,22,24,23,22,23,24,23,23,22,22,0,NA
914,0048D7B6,23,24,24,24,24,24,24,24,24,24,23,24,24,24,24,24,24,24,24,24,24,23,24,23,24,24,24,24,23,0,NA
915,0048D7BE,22,24,24,24,24,24,25,24,24,24,24,24,24,24,23,23,24,25,24,24,24,24,24,24,24,24,24,24,23,0,NA
916,0048D7D0,8,14,17,18,8,7,8,11,16,14,7,0,1,0,1,0,2,20,24,21,19,17,22,23,20,23,24,23,22,0,NA
917,0048D7D2,14,24,24,23,25,24,24,24,24,24,24,24,25,24,24,24,22,24,24,24,24,24,24,23,23,24,24,25,23,0,NA
918,0048D7DE,24,24,24,24,24,24,24,24,24,24,24,24,24,24,24,24,24,24,25,24,24,24,24,24,24,24,24,24,23,0,NA
919,0048D7E0,16,23,24,22,24,24,24,24,24,24,23,24,22,24,24,24,24,24,24,24,24,24,24,24,24,23,23,24,21,0,NA
920,0048D7E5,24,22,24,24,24,24,24,24,24,25,24,22,24,24,24,24,24,25,24,24,24,24,24,24,24,25,24,24,23,0,NA
921,0048D7E9,0,0,0,0,0,0,0,0,0,0,0,0,0,0,0,0,0,0,0,0,0,0,0,0,0,0,0,0,0,0,NA
922,0048D7ED,24,24,24,24,24,25,24,24,24,24,24,24,24,24,25,24,24,24,24,24,24,24,24,24,25,24,24,24,23,0,NA
923,0048D7F4,0,16,21,19,13,20,23,19,23,18,20,19,22,23,15,22,20,21,21,24,24,23,24,23,23,22,23,24,22,0,NA
924,0048D7F6,24,24,24,24,24,24,24,24,24,24,24,24,24,24,24,24,24,24,24,25,24,24,24,24,24,24,24,24,23,0,NA
925,0048D982,9,23,23,24,25,24,24,23,23,24,24,24,22,24,24,24,23,23,24,22,24,24,24,24,24,24,24,24,23,0,NA
926,0048D985,24,24,24,24,24,24,24,24,24,23,24,24,24,24,24,24,24,24,24,24,24,23,24,24,24,24,24,24,23,0,NA
927,0048D993,3,4,3,4,4,4,4,3,3,4,4,4,3,4,4,3,3,4,4,4,4,4,3,3,4,4,4,4,4,0,NA
928,0048D99A,17,21,20,24,20,20,20,19,22,19,22,22,20,18,18,23,23,24,23,24,24,23,23,23,24,24,24,24,23,0,NA
929,0048D9B6,24,24,24,24,24,24,24,24,24,24,24,24,24,24,24,25,24,24,24,24,24,24,24,24,24,24,24,24,23,0,NA
930,0048D9BF,24,24,24,24,25,24,24,24,24,24,24,24,24,24,24,24,24,24,24,24,24,24,24,24,24,24,24,24,23,0,NA
931,0048D9D4,0,0,0,0,0,0,0,0,0,0,0,0,0,0,0,0,0,0,0,0,0,0,0,0,1,1,0,3,0,0,NA
932,004207B1,2,1,0,2,2,4,2,1,2,1,4,2,4,4,2,3,2,2,0,2,3,3,3,4,2,3,3,4,4,0,NA
933,0045198A,0,0,0,0,0,0,1,0,0,0,0,0,0,1,0,0,0,0,0,0,0,0,0,0,0,0,0,0,0,0,NA
934,00451A0B,1,0,0,0,0,0,1,0,0,0,0,0,0,1,0,0,0,0,0,0,0,0,1,0,0,0,1,0,0,0,NA
935,00451A68,2,1,2,1,2,1,1,2,2,1,2,1,1,0,0,2,1,1,1,1,2,1,2,1,1,2,1,2,2,0,NA
936,0048C8D4,0,0,0,0,0,0,0,0,0,0,0,0,0,0,0,0,0,1,0,0,0,0,0,0,0,0,0,1,0,0,NA
937,0048D39A,0,0,0,0,0,0,0,0,0,0,0,0,0,0,0,0,0,0,0,0,0,0,0,0,0,0,0,0,0,0,NA
938,0048D56A,4,4,4,4,4,4,4,4,5,4,4,4,4,4,4,3,3,4,3,4,3,4,3,4,3,4,2,4,3,0,NA
939,0048D5A0,0,0,0,0,0,0,0,0,0,0,0,0,0,0,0,0,0,0,0,0,0,0,0,0,0,0,0,0,0,0,NA
940,0048D5A9,0,0,0,0,0,0,0,0,0,0,0,0,1,0,0,0,0,0,0,0,0,0,0,1,2,0,2,2,1,0,NA
941,0048D7A0,0,0,0,0,0,0,0,0,0,0,0,0,0,0,0,0,0,0,0,0,0,0,0,0,0,0,0,0,0,0,NA
942,0048D94C,2,1,1,2,3,1,1,0,1,4,3,1,0,3,1,4,1,3,3,2,1,2,1,1,0,2,2,1,3,0,NA
943,0048C8BA,4,4,4,4,4,4,4,4,4,3,4,4,4,4,4,4,4,4,4,4,4,4,4,4,4,3,3,4,3,0,NA
944,0048CA77,24,24,24,24,23,25,24,24,24,24,25,24,24,24,24,24,25,24,24,24,24,24,25,24,24,24,24,25,23,0,NA
945,0048CB00,0,0,0,0,0,0,0,0,0,0,0,0,0,0,0,0,0,0,0,0,0,0,0,0,0,0,1,4,5,0,NA
946,0048CB15,24,24,24,22,24,24,24,24,24,24,24,24,24,24,24,24,23,24,24,24,24,24,24,24,24,24,24,24,23,0,NA
947,0048D54C,4,4,4,3,4,4,4,4,4,4,4,4,4,4,4,4,4,4,4,4,4,4,3,4,4,4,4,4,4,0,NA
948,0048D77F,2,2,1,1,1,0,2,0,2,1,1,1,0,2,3,2,0,1,2,3,2,0,1,3,2,2,1,1,1,0,NA
949,0048D788,4,4,4,4,4,4,4,4,4,4,4,4,4,4,4,4,4,4,4,4,4,4,4,4,4,4,5,4,3,0,NA
950,0048D7B8,1,4,3,4,4,1,4,3,3,3,3,4,3,3,4,4,4,3,4,4,4,3,4,4,4,2,3,1,3,0,NA
951,0040A5E1,25,25,25,25,25,25,25,25,25,25,25,25,25,25,25,25,25,25,25,25,25,25,25,25,25,25,25,25,24,0,NA
952,0041A37F,25,25,25,25,25,25,25,25,25,25,25,25,25,25,25,25,25,25,25,25,25,25,25,25,25,25,25,25,24,0,NA
953,0048610D,143,141,142,142,142,142,143,141,139,142,139,141,140,141,102,142,140,143,142,143,144,141,141,141,139,142,139,143,136,0,NA
954,0048A088,142,143,143,143,141,143,143,142,142,141,140,141,143,142,106,142,141,141,142,142,142,143,142,142,142,142,141,142,136,0,NA
955,00420D5D,142,142,143,144,143,143,143,142,143,143,143,142,143,144,143,142,145,143,143,143,142,142,142,144,144,144,143,143,136,0,NA
956,004861CE,143,143,143,143,143,143,143,143,143,141,140,143,142,143,143,143,143,144,143,143,142,142,143,143,143,143,143,143,137,0,NA
957,00486ADB,143,143,144,143,143,143,143,143,143,143,143,143,143,144,143,143,145,143,143,143,143,143,143,144,143,143,143,143,138,0,NA
958,00487C07,143,143,143,143,143,143,143,143,143,143,143,143,143,143,144,143,145,143,143,143,143,143,143,143,145,143,143,143,137,0,NA
959,00488DB3,58,143,143,143,145,76,13,67,143,142,85,113,113,143,143,141,143,142,140,29,139,139,139,91,143,141,143,143,137,0,NA
960,00492153,51,137,129,140,138,73,12,66,142,141,84,143,140,143,143,142,143,142,141,32,138,139,140,90,143,141,143,142,137,0,NA
961,00486CF0,53,140,142,138,142,77,13,66,141,142,83,143,140,143,143,116,143,142,140,29,138,138,140,90,137,140,138,143,136,0,NA
962,00420E25,142,140,140,143,142,139,140,138,138,137,140,140,141,142,144,142,141,141,142,142,143,88,0,0,0,0,0,0,0,0,NA
963,00420EAA,143,143,143,143,142,143,145,143,142,139,139,139,140,141,140,143,143,139,142,143,143,141,142,141,142,143,143,143,136,0,NA
964,00488D77,141,142,139,142,143,143,142,141,141,139,142,143,143,143,143,142,143,142,143,141,143,142,143,143,143,142,143,143,132,0,NA
965,00420DC4,143,145,143,143,143,143,143,143,143,143,143,143,144,143,143,143,143,143,143,143,143,143,143,143,143,143,143,144,136,0,NA
966,00420DD1,143,143,143,145,143,143,143,143,143,143,143,144,143,143,143,143,143,143,143,143,143,143,143,143,143,143,144,143,136,0,NA
967,00420E32,143,143,143,143,145,143,143,143,143,144,143,143,143,143,143,143,143,143,143,143,143,143,143,143,144,143,143,143,136,0,NA
968,00488D96,143,144,143,143,143,145,143,143,143,143,143,143,145,143,143,143,144,143,143,143,143,143,143,145,143,143,143,143,137,0,NA
969,004895FD,143,143,143,143,143,143,143,143,143,143,143,143,145,143,143,143,144,143,143,143,143,143,143,143,143,143,143,143,137,0,NA
970,0048B9AB,0,0,0,0,0,0,0,0,0,0,0,0,0,0,0,52,143,143,143,143,143,143,143,143,143,143,143,143,137,0,NA
971,00487BBA,142,144,141,134,142,143,143,141,142,143,143,143,143,143,143,143,143,143,143,143,144,143,143,143,143,143,143,143,137,0,NA
972,0048A29F,142,143,143,144,144,143,143,144,144,143,144,144,143,144,144,143,144,144,143,144,144,143,146,144,143,144,144,143,138,0,NA
973,00420D1C,143,144,143,143,143,143,143,143,143,143,143,143,143,143,143,143,144,143,143,143,143,143,143,143,142,145,146,143,137,0,NA
974,00420DC5,0,0,0,0,0,0,0,0,0,0,0,0,0,0,0,63,143,143,143,143,143,143,143,143,143,143,143,143,137,0,NA
975,00420EAC,143,143,143,143,144,143,143,143,143,143,143,143,143,143,143,143,143,143,143,144,143,143,143,143,143,143,143,143,137,0,NA
976,00484E71,143,143,143,143,143,143,143,145,143,143,143,143,143,144,143,143,143,143,145,143,143,143,143,143,143,143,143,143,137,0,NA
977,004868B8,0,0,0,0,0,0,0,0,0,0,0,0,0,0,0,76,143,143,143,143,143,143,143,143,143,143,144,143,136,0,NA
978,00489600,0,0,0,0,0,0,0,0,0,0,0,0,0,0,0,58,143,143,143,143,143,143,143,143,143,143,143,144,136,0,NA
979,00420DC9,143,144,143,143,143,143,143,145,143,143,143,144,143,143,143,143,143,143,143,143,144,143,144,144,143,143,146,143,137,0,NA
980,004866C0,143,143,143,144,143,143,143,143,143,143,143,143,144,143,143,144,143,144,143,143,143,143,143,143,143,143,144,143,136,0,NA
981,00489A4E,144,143,143,143,143,143,141,143,143,143,144,143,143,143,143,143,143,143,145,143,143,143,144,143,143,143,143,143,137,0,NA
982,0048C690,145,145,144,145,145,145,145,145,145,145,145,145,145,145,144,145,145,145,145,145,145,145,145,145,145,145,144,145,139,0,NA
983,0048C8E3,4,4,4,4,4,4,4,4,4,4,4,4,4,4,4,4,4,4,4,4,4,4,4,4,4,4,4,4,4,0,NA
984,00488306,130,130,130,130,131,130,130,130,130,130,130,130,131,130,130,130,130,130,130,131,130,130,130,130,130,130,130,131,126,0,NA
985,00420E48,138,140,139,138,133,141,140,140,76,140,139,139,140,140,139,137,139,140,139,139,140,140,140,140,139,140,138,134,94,0,NA
986,004861DD,143,143,141,143,141,142,141,143,81,141,143,142,141,143,144,143,141,142,140,140,143,142,143,141,142,143,142,136,97,0,NA
987,00489827,141,143,140,141,142,139,143,142,81,143,142,141,142,143,142,143,141,142,141,142,143,143,135,142,141,141,143,136,96,0,NA
988,00489A3F,143,142,141,143,143,143,143,142,80,143,143,143,143,143,143,143,143,143,142,143,143,143,143,143,143,143,143,138,96,0,NA
989,0049220D,0,0,0,0,0,0,0,0,0,0,0,0,0,0,0,0,0,0,0,0,0,0,0,0,0,0,0,0,0,0,NA
990,008629B9,0,0,0,0,0,0,0,0,0,0,0,0,0,0,0,0,0,0,0,0,0,0,0,0,0,0,0,0,0,0,NA
991,00420E08,144,143,140,143,143,144,144,143,80,144,143,143,144,143,143,143,144,144,143,139,144,143,143,143,143,142,138,136,98,0,NA
992,004875DE,142,140,141,141,141,142,142,143,80,140,143,142,142,144,142,141,140,138,143,141,143,141,141,143,138,144,143,138,94,0,NA
993,00487DCE,143,143,141,144,140,145,145,144,80,141,143,142,144,144,141,142,141,142,144,144,144,141,139,142,136,133,127,138,95,0,NA
994,0048A2D6,143,139,140,142,144,95,0,33,80,143,143,26,80,142,143,139,142,134,142,146,142,141,142,142,143,140,85,0,31,0,NA
995,00486456,142,141,140,143,144,142,142,144,80,141,142,140,143,141,142,142,137,142,143,142,142,143,142,142,142,142,143,135,93,0,NA
996,004895FE,143,143,142,142,143,145,142,142,80,139,143,143,143,142,143,143,143,143,141,143,142,143,143,141,141,143,142,138,96,0,NA
997,0048A29A,79,141,139,141,140,33,135,139,80,140,142,140,142,141,139,141,141,126,141,136,143,138,141,128,141,135,143,128,96,0,NA
998,004861C1,140,139,139,140,140,141,140,140,79,141,140,141,140,141,140,140,140,141,140,140,141,139,141,140,141,139,141,136,94,0,NA
999,004866C8,139,139,138,137,135,140,140,138,79,138,140,139,137,140,142,137,140,140,140,140,140,140,139,140,138,141,138,135,96,0,NA
1000,004862A6,143,141,139,140,142,140,141,142,79,142,141,140,142,143,145,140,142,142,140,142,143,142,141,143,141,143,142,135,96,0,NA
1001,003959BE,97,107,111,92,123,129,104,92,140,140,127,112,86,126,93,137,141,138,134,102,104,63,120,140,140,135,134,131,124,0,NA
1002,00395A66,25,2,1,16,10,26,50,59,14,7,32,58,31,7,9,3,1,0,21,20,19,29,44,35,31,32,33,62,25,0,NA
1003,00395AD7,141,142,141,142,141,142,142,141,142,141,142,141,143,142,142,141,141,141,142,141,142,140,142,141,142,141,142,142,135,0,NA
1004,00395CC5,142,141,142,141,142,141,142,142,141,142,141,142,143,141,142,142,141,142,141,142,141,142,141,142,141,142,141,142,135,0,NA
1005,0039590D,141,142,141,142,141,142,141,142,142,141,142,141,143,142,141,142,142,141,142,141,142,141,142,141,142,141,142,141,136,0,NA
1006,00395B47,126,111,52,113,74,65,88,126,122,136,123,130,61,10,92,132,62,60,110,119,115,87,117,135,80,121,86,129,128,0,NA
1007,0048D7DA,4,4,3,4,4,4,4,4,4,4,4,4,4,4,4,4,4,4,4,4,4,4,4,4,4,4,4,4,4,0,NA
1008,0048D799,3,3,3,3,2,3,2,1,0,0,0,0,0,0,0,0,3,0,0,0,0,0,0,0,1,6,6,6,6,0,NA
1009,00488DB0,0,0,0,0,0,0,0,0,0,0,0,0,0,0,0,0,0,0,0,0,0,0,0,0,0,0,0,0,0,0,NA
1010,00831A66,0,0,0,0,0,0,0,0,0,0,0,0,0,0,0,0,29,137,133,140,142,141,140,141,141,143,143,143,137,0,NA
1011,0084F686,140,141,141,140,141,140,85,134,140,139,139,134,128,138,136,141,140,139,135,134,130,138,140,139,141,140,141,141,134,0,NA
1012,0085918E,141,140,141,141,140,141,86,133,141,141,140,139,133,134,138,141,140,141,136,137,140,140,140,139,140,141,140,141,134,0,NA
1013,008597DD,142,143,142,136,137,141,86,124,140,140,140,120,105,74,125,136,140,137,139,139,143,138,132,140,143,143,143,143,136,0,NA
1014,008597E5,141,140,141,139,139,140,84,111,137,138,140,127,117,108,124,125,137,139,137,133,139,140,118,114,141,140,141,141,134,0,NA
1015,00859A0F,140,141,141,140,141,141,85,135,141,138,139,128,125,103,133,141,139,134,136,136,139,137,139,138,140,139,141,140,135,0,NA
1016,00859C1B,0,0,0,0,0,0,0,137,140,140,141,136,133,135,128,141,154,0,0,0,0,4,0,0,0,0,0,0,0,0,NA
1017,0085A472,141,141,140,141,141,140,86,138,141,140,140,139,135,136,138,140,56,140,130,134,140,139,139,140,141,140,141,140,135,0,NA
1018,00861C74,141,141,140,141,141,140,86,137,141,140,141,140,134,136,138,141,141,140,137,137,140,137,140,141,141,140,141,140,135,0,NA
1019,00861C7D,140,141,140,141,141,140,86,135,141,140,141,141,139,141,139,141,141,140,137,139,140,141,139,140,141,140,141,141,134,0,NA
1020,00861EFF,141,141,140,141,141,140,75,131,140,140,140,129,107,119,138,139,141,137,136,133,141,140,140,138,141,140,141,139,135,0,NA
1021,00859177,143,143,143,143,142,143,88,113,142,142,143,141,137,138,143,142,143,143,136,139,143,143,143,143,143,144,143,143,137,0,NA
1022,003FBEED,141,140,141,138,141,141,86,113,135,139,141,135,118,128,133,140,139,136,133,135,138,141,138,133,139,139,141,139,134,0,NA
1023,00420E6D,141,140,141,141,140,141,82,134,140,141,141,136,131,139,140,138,139,141,136,138,140,140,140,141,140,141,141,140,134,0,NA
1024,0048798F,141,140,141,141,140,141,78,135,140,139,139,136,132,137,137,141,141,138,136,132,141,141,140,137,141,139,140,137,135,0,NA
1025,008595CC,141,140,141,141,140,140,85,130,141,140,141,139,133,138,135,139,140,139,131,116,112,140,140,141,140,140,141,140,134,0,NA
1026,0085B340,140,140,138,141,139,141,86,138,136,124,135,128,118,124,132,135,135,135,127,129,135,134,139,136,137,139,139,141,134,0,NA
1027,0085B35F,140,141,140,140,141,141,85,135,141,141,140,136,134,138,140,140,141,141,136,137,141,140,140,139,141,141,140,141,134,0,NA
1028,0085B590,141,141,140,141,139,141,86,128,139,137,140,134,130,119,135,140,141,137,135,137,138,140,140,140,137,140,140,141,132,0,NA
1029,0085B9B9,141,140,141,140,140,141,86,137,138,140,140,123,131,138,138,141,140,140,135,137,140,140,131,137,139,141,141,140,134,0,NA
1030,0085B9C1,0,0,0,0,0,0,0,17,0,0,0,0,0,0,0,0,34,140,137,135,141,140,140,141,140,141,141,140,134,0,NA
1031,00861D08,141,141,139,141,141,140,86,134,140,140,141,136,135,136,138,139,140,140,136,135,139,139,138,139,141,140,140,141,134,0,NA
1032,004861DA,143,143,143,143,143,143,87,131,123,120,135,127,98,115,115,131,133,129,74,83,139,132,130,133,134,143,143,143,137,0,NA
1033,00486239,143,143,144,143,141,143,86,135,142,141,144,142,131,139,141,142,142,143,139,138,144,143,143,143,143,143,143,143,137,0,NA
1034,004891D9,143,143,143,143,143,144,90,137,143,142,143,142,135,138,141,142,143,143,140,140,139,136,142,139,143,143,143,142,137,0,NA
1035,00489B43,143,143,143,143,143,144,87,136,137,139,136,135,134,136,138,141,138,143,138,140,137,143,143,140,143,143,143,140,137,0,NA
1036,0048C1E8,142,143,143,143,144,143,82,131,139,133,139,135,122,134,135,143,143,143,139,141,143,143,142,143,143,143,143,143,137,0,NA
1037,007FDB95,144,143,143,143,143,143,88,134,142,144,142,139,139,139,143,142,143,144,138,141,142,143,143,143,143,143,143,143,136,0,NA
1038,007FE402,143,144,143,143,143,143,87,139,144,143,142,140,131,138,141,143,141,144,135,141,142,143,141,141,137,135,144,143,136,0,NA
1039,0084FE7B,143,143,143,140,143,143,88,137,143,142,144,140,136,134,141,142,143,142,139,138,143,143,143,142,143,143,143,143,134,0,NA
1040,00859164,143,143,143,143,143,141,87,138,139,143,141,140,129,133,140,143,142,143,139,139,143,143,142,142,143,143,143,142,137,0,NA
1041,008597EA,142,143,144,143,143,143,91,141,140,143,141,136,129,141,140,142,142,143,138,135,143,141,143,143,143,143,142,143,137,0,NA
1042,008597F4,143,143,143,143,143,143,72,138,143,142,142,139,135,142,139,143,143,142,139,140,142,143,144,142,141,143,143,143,137,0,NA
1043,0085A25D,119,142,141,139,139,134,77,134,143,144,142,132,128,129,131,141,142,143,135,131,137,133,143,140,142,141,131,104,116,0,NA
1044,0085AADB,143,142,143,143,142,143,87,0,0,111,144,139,130,135,137,111,137,140,137,137,143,141,143,143,140,143,142,143,136,0,NA
1045,0085AADD,142,143,143,143,144,145,87,138,141,143,142,141,116,137,143,143,141,143,136,135,143,142,143,143,146,143,143,143,137,0,NA
1046,0085B576,143,143,142,143,143,143,88,132,140,140,143,135,133,130,139,140,142,144,138,139,143,143,143,142,143,143,144,143,136,0,NA
1047,0086182E,143,143,143,144,143,143,86,139,140,142,143,138,136,138,141,140,140,142,136,139,143,143,143,140,142,143,144,143,136,0,NA
1048,00861881,144,143,143,143,143,140,88,138,141,142,143,133,130,122,109,140,143,143,136,139,139,143,144,142,142,142,143,141,137,0,NA
1049,00861E68,137,138,135,124,131,123,66,89,136,135,128,120,114,93,2,122,118,143,138,138,143,141,142,143,143,143,144,143,136,0,NA
1050,00862093,143,143,144,142,143,143,96,138,143,142,144,139,135,126,136,128,143,139,139,140,141,140,142,142,142,143,143,144,136,0,NA
1051,008629A9,142,143,143,143,143,143,86,131,140,108,70,128,116,113,133,137,135,130,122,106,138,125,130,122,136,143,143,144,136,0,NA
1052,008599F9,143,143,143,140,139,143,86,133,142,142,140,138,124,126,137,143,141,142,138,137,137,142,141,143,142,143,143,143,137,0,NA
1053,00486CE0,111,7,6,0,0,0,0,0,0,0,0,0,0,0,0,0,0,0,0,0,0,0,0,117,143,151,125,162,144,0,NA
1054,00489B41,4,3,4,4,4,4,4,4,4,4,4,4,4,4,4,4,4,4,4,4,4,4,4,4,4,4,4,4,4,0,NA
1055,028D6834,139,144,144,144,144,144,144,144,144,144,143,144,144,144,144,144,144,144,143,143,143,144,142,140,144,142,144,144,130,0,NA
1056,00395A63,139,138,141,141,141,141,140,137,141,140,140,135,142,141,141,138,136,131,131,126,123,129,130,129,139,125,127,141,134,0,NA
1057,00395C2F,142,141,142,141,142,141,142,141,142,141,142,141,142,141,142,142,141,142,141,142,141,142,141,142,141,142,141,142,135,0,NA
1058,00395A58,74,135,140,141,140,142,141,138,140,139,141,141,46,0,0,104,141,139,141,78,0,0,79,141,8,92,142,138,134,0,NA
